Shoulder Width,Belly,Neck Circumference,Hip Circumference,Shirt Length,Size
47.400273592272185,94.50189426767032,36.703109442197395,95.8790332773461,76.54030175441721,XXL
47.01062640547278,91.58075098082247,40.615150217366946,95.1832295268493,72.03362182527579,XL
40.3008023088153,83.32780224790115,38.40978447071691,93.34712422856724,70.9504405744336,L
45.21123943148056,92.08482416287329,40.15905740575879,97.16290483659168,78.08868377113251,XXL
39.09037237365661,73.30716554355021,33.95641843534893,79.22080942305324,68.10656952744176,S
46.62115017014582,95.88797117948798,40.87734900067494,101.90215028278979,80.09821104025661,XXL
45.01068858034385,88.62490085470489,39.76318902617362,90.17001042718807,74.33330497069453,XL
38.54353665425066,76.19246858235044,36.32463787501364,82.21373514810055,64.26869840502532,S
47.40370615435312,94.5560706316332,40.427001804666666,98.8038580793705,79.20992067841698,XXL
41.12679112463177,77.17827245639303,34.676725973869004,85.9942926325381,66.80157780475002,M
42.575436686809105,83.89633671199788,37.27861184423304,91.84989059692529,70.12866097501673,L
41.81160074640725,90.50011534829076,40.0425375959034,98.19633867743028,72.73663395246028,XL
45.10974485234752,94.84128831164678,38.7976222363352,92.98161467217135,75.16601345899625,XL
40.20033202458147,80.30422917403494,37.05188162724917,82.19824484498895,71.15433622936288,M
45.184942668793276,96.45471744228443,39.634939804118915,101.50089175484602,77.84399169172414,XXL
35.292551034711046,73.82973045682112,35.30681729983555,77.250105744146,66.19775294779058,S
37.47624292429456,71.50613882591847,34.43520158604131,85.5366880798526,65.77295901844398,S
42.325199837738204,90.59412378274897,39.93177428372346,98.00535238981276,72.4544176315276,XL
42.16302213133388,90.98065164538615,39.60248697885691,94.94039402387757,73.05427711352122,XL
44.67990976330958,90.24822896413374,37.664191012601016,92.1123328347401,74.4802208782872,XL
38.708438827981176,79.13833468982412,35.62095653962808,84.64766551174077,69.60906914058782,M
45.86215909083262,94.89575577219745,39.99640899207853,100.24921920080071,75.38510803900074,XXL
43.04688073281434,93.10166472731485,38.22162166008869,96.97886436099137,75.18897459646311,XL
46.636287536648595,94.74851423139651,40.77024136909558,101.51013676353875,79.87141282052718,XXL
35.29487502619309,75.27373126736542,35.484508585447834,77.88228716539689,65.46545192838694,S
43.55916413699113,84.164056828396,37.620298624649834,92.50481043021878,70.77383467617977,L
43.081150749290735,83.25230022127376,37.47971277384414,89.80911063851055,72.80851545943501,L
40.096667506999474,84.85104600361835,38.9619902821223,92.89918114267661,68.757517137018,L
42.21450172479928,80.14061898122013,34.281827753280865,84.71442808238545,66.09059244532708,M
41.90318331824199,82.67883637178747,36.19361154846725,82.92501339586639,67.86405904518307,M
44.21372045157546,91.13644571972708,40.370340205121984,97.36971158266243,75.08543721588512,XL
41.69215033320849,83.97216006446062,37.16216574441542,89.06743946498044,72.07122942354056,L
40.52382299752332,83.75242877253882,37.19242084003843,90.12648982802678,70.12523510292851,L
46.6743437610451,95.15041132768225,41.16021523815069,101.63633585299837,80.05195375206507,XXL
39.61134395194541,78.51281039330003,35.25746741041978,85.36643152979589,67.9373756473801,M
41.50682964685067,78.96228641727004,37.72733754238766,84.05261279726786,65.73435183106271,M
46.025875658492694,92.59799331575032,40.2526420639615,96.68032263806103,77.06369180449619,XXL
38.94538728675649,77.74617285501856,34.85900175380182,81.45179744831471,70.91359276954401,S
45.017465053213535,94.73814816635172,37.173688496242185,95.7042758993938,74.65179672846142,XL
43.34873219092397,95.3450101968694,40.18193203235135,103.3241977562685,74.85277332035534,XXL
40.82672642343423,78.01951792888777,37.016169693876215,82.62046974264449,70.00722463089025,M
37.820489141631704,73.96703977023928,34.60838668140225,80.3925741108425,66.21382697824754,S
41.168759533102026,77.03047476325015,34.508518392602646,86.36804912353261,66.4947043643128,M
39.0913353480489,79.11832277851622,35.6329149203385,84.90561739444364,69.52745286828868,M
46.39839798138427,95.39016200064307,41.870122581168566,99.18484210534923,76.79454741467951,XXL
40.593285268995466,87.30484316671435,38.630055643672485,92.43612990683343,70.1246146455152,L
40.44933103431931,79.60488660217638,35.49577476427678,85.2112658360519,66.65377207213197,M
45.02448149333235,94.3754407731896,42.08336425477936,99.64604947800757,79.72713716361572,XXL
44.542332179057574,89.32275457026694,39.80072716438282,94.83044776456902,75.07388479930373,XL
43.72465291775736,90.374948678414,38.41186928441867,101.50552042109993,75.08600128204866,XXL
41.3598513769547,78.47558389563294,35.52981087333027,81.0193451731277,66.68940542819485,M
40.879689330301865,84.83483416846603,37.94012966227698,95.88548417125334,68.8065561629874,L
41.46106880663256,77.96248723574854,37.79550695380183,84.55442448135376,65.78993936529801,M
38.490363054095795,88.11605663395363,36.91724630482625,91.3769153824886,71.44250182923267,L
45.061817770221154,93.40036688592369,39.17941417591961,92.11970352132842,76.2364051295992,XL
46.88994967184878,94.06198032224113,41.61338492070814,101.26669712097167,76.87214543538562,XXL
38.87741516835247,74.43055344355137,35.11589942878457,79.73487110791888,64.03376897840452,S
40.01630641623572,83.47372923650352,38.664565550198226,87.621982262413,69.91236374226621,L
46.96511641564636,91.76825296211423,38.83246891681884,94.29728604960123,76.69167476359094,XL
40.711171322592676,78.81548024181218,37.35979484834007,82.62833751097016,70.06748431822324,M
47.28344284575974,95.75431481358346,39.13366474703839,102.01301827524415,75.08547389887273,XXL
42.058781266871684,81.85914338646127,37.52003988244449,90.98377557623131,69.96338933762661,L
42.77036378444079,84.69468762080508,38.34177163354305,89.11069204264818,72.34889062479029,L
41.27096714185638,86.59777555195876,37.92425370629095,90.60426943362816,68.64926622296787,L
44.1698252434033,88.2978597108462,37.837490715445156,91.98948994234141,72.32213480212386,XL
38.43049925237984,72.1882585836821,34.94947890226988,82.0971791077906,66.2037028363077,S
46.850096785194474,89.58708898348495,40.16238447149362,103.69747518059698,76.25647031371558,XXL
40.34979692552465,79.3758114694714,37.500901353941494,81.16732556888972,69.97147880232347,M
38.325362515452504,73.32742009599035,34.91737965004663,83.0542027056491,66.14906198400728,S
40.75906699958367,86.0936045394973,36.23100524439516,88.37252130593384,72.36782622095929,L
47.55689853671657,94.16088716966297,39.87935884287871,101.27076645970722,75.75202892483266,XXL
47.47401923299065,95.929950061057,39.152200636382695,101.52941377688208,74.63587477564899,XXL
46.614979372017984,92.00797896559172,40.00987328330019,96.08616969288197,76.91588422844673,XXL
45.996177081353714,91.90460789060586,39.890042586472354,96.82998665832281,76.93831904727085,XXL
40.96231217506318,74.87987588146696,35.14386352288273,77.35636403202689,65.06628192446675,S
42.10790068728138,80.27116754845659,36.024259714828155,87.92895318752439,67.74628955804565,M
41.399832618163664,82.60843049791268,36.22945102892167,82.24689531282804,68.28303715752604,M
44.79108783394126,88.51353522118387,38.2010753508647,96.71658303145976,75.20827155265893,XL
36.64831092242241,72.25485188802658,35.79864355859552,80.32132444490284,64.78249770786734,S
42.97286955210599,88.87444362337584,37.820382086849044,85.6208368098368,68.38015340494896,L
42.734678351853155,92.7420640461018,38.09324124490629,96.29445391026881,74.42076646402948,XL
41.688113465438974,82.36451719546577,35.962764464972544,82.99271120325874,67.8335039665555,M
39.334668149172074,73.8824412871329,34.19552024810335,79.7640625628506,68.20710706692914,S
42.30124491413524,87.50500483847746,37.11681636165966,87.77595977832723,70.40723984655871,L
49.22293722077428,97.81147539924491,40.84478201122467,96.83520376647289,75.74786830924073,XXL
40.91485459516923,81.09460459876418,36.42872757383847,85.26315257982351,66.96495849493654,M
40.70903452788254,83.77519806282665,36.06644849648867,90.22529264276426,72.65239141769091,L
40.45360011727078,83.21074043354506,36.15368846522272,90.31775817935082,74.01617949671538,L
47.891940500763894,93.8050682836865,40.95947491966473,97.43074973545708,77.29638373400026,XXL
42.29806611701511,85.90932199587878,37.33991135850808,93.9598866590621,71.77660483901083,L
47.52355168652712,95.56953474221949,37.258677460064796,95.42969114885373,76.50875072604653,XXL
44.80350057697219,88.15901030681574,39.76048740659089,96.8650964018342,73.75177378234594,XL
46.66049339035728,92.31437556087995,38.99789321892158,94.7450727614049,76.2225832194871,XL
42.38361793247169,85.05643093303918,35.39225392873887,90.79265748192861,67.9674416815058,L
48.29594523443511,96.07444010271907,38.870240950889446,103.34977014159172,74.7274263266621,XXL
36.36663569854953,75.24913448811374,36.34999885709082,79.13493630912636,64.56130929262628,S
36.08827842224492,74.0868106185435,36.56280889866075,80.64712867222019,66.37285104305093,S
40.97661635647887,84.57570596630173,36.4640991406625,89.3414527456677,72.16027636288177,L
39.568632525959224,80.13646961282734,36.89101338103279,88.55246825287547,70.37756066996018,L
40.94924062530408,85.31150289872906,36.51804961445129,87.27496998536951,72.0802164244657,L
43.81915890942861,89.87021401908177,38.91349709185799,96.46684394689821,70.20424456197591,XL
39.39305620609678,76.46196159047581,33.65327048732927,80.51711562588494,64.66167871135335,S
38.27999537582966,77.24644638792071,36.11322323031934,82.38691074444615,64.74894385336115,S
40.194647564918384,72.11493124606004,36.70701311258523,83.24095495109434,66.16001042331652,S
41.12314266176997,79.14860100680121,37.706538353214086,83.63524613814906,70.11559843766746,M
45.17191386789414,94.38579770706242,40.13357553793224,101.19802722208946,76.09554532277762,XXL
38.953182392310076,74.5631635194173,34.99159712133277,79.64488573674144,63.824583029021504,S
42.73277721766281,84.75187277667469,38.87320641050289,88.57893243617919,71.92746634251053,L
39.26272824474907,73.82100017576364,35.25739728738098,81.16773632758911,65.73232553389204,S
42.93760469603874,94.33190161028274,40.06124340014438,103.03733076328484,75.27829178552841,XXL
43.76411103096162,88.11122375705953,38.76580735451165,95.37687246215135,70.23679694497474,XL
38.7036005051048,75.4622920865302,35.475004301279476,80.71831349078248,65.59233349567405,S
41.873078413280254,90.83418858816401,39.679432255098234,94.63547975610162,72.97694183645142,XL
35.332483836608226,74.17057256901319,35.38371030803637,77.28721655507644,65.53764007157237,S
40.2635930676147,75.03791597974771,35.55114559958859,77.93409378951237,68.73824649725745,S
44.06700191378136,90.39208725813465,40.42058278654756,97.92636155532507,75.05327660347561,XL
47.77912742506619,96.06758998517151,39.51000923591825,98.28701369895322,76.67518600036499,XXL
41.1935084972054,86.1470796325768,37.93610693229506,94.62775431141321,68.89952991848786,L
38.26569294840511,80.90148064626096,35.59370145865269,86.78439983094985,68.80084870354374,M
45.55112682903549,96.678655548784,40.96276644487269,100.80554237169855,77.17566955939989,XXL
39.219635191471546,80.38552470189775,36.86514302022519,88.61100279500671,70.17423187492335,L
35.47687882613802,73.85553209279546,35.39271875208035,77.39203462913903,65.28987002396079,S
44.25854372234879,91.57615406071987,39.23224435969443,96.9574456816,71.28364979476807,XL
41.47057304879472,77.29850858576472,37.55126651888246,84.59165539694628,65.98702434455706,M
42.09190341997855,86.44651075587925,35.660339477573764,90.59319495547338,68.237882190771,L
45.48722017030302,94.09984799506233,40.131227711812684,100.54580135679144,76.08675499351054,XXL
42.93489311701497,86.16058420174191,35.570020083732075,91.47819820117425,70.93025850352885,L
48.20286513641424,95.6819236475161,39.742581411529294,101.70476535781707,75.74479581834339,XXL
43.664929020525705,84.15751255606673,38.043389837195065,93.51873258129868,70.56083923704449,L
34.95009256617304,76.06631526761781,34.62982775687749,80.12855683884176,64.96564132102269,S
42.2730890383203,90.4215808795965,40.062534401659725,99.37649844195474,72.72045291095155,XL
42.551165923401165,91.73031014108241,37.84201483575165,95.2614216741637,73.76965318775743,XL
39.901555927966804,77.68144540687388,35.18021899997716,85.2817460183724,67.85798221828261,M
37.188540947841595,80.17812068787363,36.379784469659405,85.2085587354713,66.00130598622826,M
47.32875966187019,94.52634258657304,40.24598144175445,98.405968602065,75.82282939338523,XXL
39.06424639375244,81.03904408667404,36.655061037559385,85.3666733828951,69.8648668886211,M
44.54890352824919,86.99064438475877,37.81664686352211,92.67127763087149,72.35409050428473,XL
42.54632429380207,83.98365544663335,37.24181371707516,91.02160618283703,69.79251439996101,L
42.4187982676056,81.0632081214889,34.19985262756759,85.77474542272226,65.9414531449595,M
39.407829327041014,80.02409541142059,36.80141239911714,85.36438145512784,70.39258803618883,M
38.05794156360983,81.42428216772083,36.596131462278166,88.63409314855828,64.23671224188467,M
37.991527628960405,81.57316084284537,36.58463387880607,88.22614473037054,64.68894560861192,M
41.20985722300902,87.66765025025275,39.83955444216874,88.61834401555865,70.56702573392539,L
39.41529598348483,83.2098549473082,36.79848731358865,85.59508889874785,68.09803446564548,M
42.74946237043449,87.3666240597195,38.272780322638894,94.61697177639935,76.14675134338636,XL
41.8158917940906,86.26606285000969,35.62039339424305,91.7319817132927,71.46859569571117,L
43.616092314959445,90.75218712714359,38.890445758688514,95.1677757391876,72.80303178025295,XL
35.23925033360448,76.14549830772265,34.80521321127418,79.51742916751131,65.46393282532144,S
39.57552753209237,83.22882001845649,37.04301407251851,85.62593112091014,67.63386713791222,M
40.72357942510467,78.80235154515081,37.38900218909922,83.00553562284546,65.32314555208644,M
48.653005823359635,96.04838397488199,41.36328535027121,97.89829903130256,77.30164002416643,XXL
47.822811745470325,95.69105293994339,38.960925734331745,102.02575596343827,74.48497899440152,XXL
38.16044091612163,77.01311905344234,38.36472806369711,86.2433142660234,70.26726244287721,M
35.722382019694486,77.09337334155623,34.87550432892033,81.9934001644662,64.5712352363848,S
44.08693586650398,88.54622067821262,39.835423885629375,94.3809102549923,72.90391016744877,XL
44.994600111377835,89.79728785439148,38.71926093001616,96.78324931064572,74.1155943303262,XL
45.223698572515715,96.19009854580929,40.78870047901357,99.92929695468067,77.4871443249713,XXL
42.850727777660516,90.3642000136353,37.96827070550877,94.8287714181408,71.66558958472937,XL
38.126830782990616,80.3391510015226,35.8607730997304,83.32079134241575,67.57352488493652,M
41.00827523813918,86.03623310639841,37.580091816490835,94.2143339649058,69.01479328670148,L
45.44922727678853,94.03456888618733,41.61438167036562,98.99616976017346,79.54374377595776,XXL
42.0238276300281,81.3312169512785,37.6653954377379,91.74301294667131,70.44308838544413,L
43.64402994319338,91.26037088417628,38.434047058180845,101.04393023465745,75.83827024549306,XXL
45.55555657886176,89.68275300815655,38.00493757969462,93.15116344321105,72.73921708833791,XL
38.1951602174482,78.01597747936981,35.69110881624043,85.50103258288746,68.82495314320087,M
39.307073972883785,80.45583305430604,36.95864258247413,88.53848310107028,70.63463861800406,L
43.10917144025696,83.96736556829553,37.74343902897169,91.47238354254432,71.23145091162142,L
37.94529039741109,77.70042489172303,34.11130394490821,78.10820070947251,61.70846742404938,S
37.659213560706114,75.0983880910617,34.46097929350817,79.53667965610342,65.91868268624921,S
47.36477939547545,94.0748984437476,40.486625020440016,98.07345361519899,78.81214165061371,XXL
41.36330535019683,81.13234725038951,35.92802562431815,85.5431081718706,68.83134223660149,M
42.57517709460693,91.82960905659105,38.107265006724894,95.98900841059329,73.51572028904886,XL
43.08632161686214,88.56765700539445,37.79287565408095,86.28120007878614,68.21737573501132,L
46.23369382186433,93.3484509655096,40.01898310587178,105.13614163476397,79.55881219470646,XXL
37.2224043367022,75.5885753614461,35.27827078282065,77.14923494154736,66.27940430627268,S
44.88832220787048,88.49934268853242,38.446219442864034,97.80299280006933,74.19443175117574,XL
38.60558154349539,75.00899789726645,33.427371825790985,80.41751116704998,65.61493724014143,S
39.480718270119254,81.52426531006249,35.62428798015695,81.96302763238988,69.05893206089716,M
41.24009399841298,83.48947991414884,36.17655894338429,91.42949531035477,72.96949536389053,L
37.97479748039867,74.18705380410512,36.53231237915686,79.50640805495227,65.96651971615864,S
44.94729294401335,90.2355778115707,39.46952133855808,95.57458056501451,73.80974938347444,XL
46.59388629038694,93.64510835594506,38.76620961043427,101.64905265999872,76.75494986785985,XXL
38.095651015775466,76.70380539452695,33.50274189229124,77.1529830143678,66.27688046012446,S
37.435322375549504,75.45956877774205,35.135481165550374,78.89394343090649,63.87232152168974,S
38.43260206569133,76.17012970617718,33.552752692682255,80.10261776175695,65.68413946133468,S
39.01908204115579,73.07676131222813,34.5009005753605,77.07092655451221,66.32002777233004,S
43.495719994089896,88.82072725503969,38.70886723417138,95.80481053910422,70.35941835032551,XL
46.73990650545077,97.64644777729333,39.447057270284915,98.39267795408193,78.43487671154799,XXL
47.22472733180065,97.90091730469419,38.85053503691507,104.2451822735317,76.54040555047078,XXL
39.857512738276576,74.11717711961411,35.64828374411457,78.8052070825327,68.15483847231972,S
41.297418660998915,81.00564286498792,36.12652207340671,83.78801244908992,68.71350295913722,M
38.32683674046928,76.52318787806894,34.33879150633123,80.7244376367673,62.62199129887309,S
39.69911558494948,88.31512844001553,38.4219906205961,90.939288676481,69.92196397583628,L
38.84585909399082,80.46043623347835,36.881748259304075,88.41687588042852,70.79076551375499,L
40.13550732349221,83.75543677046835,38.927329839987515,91.7648913897413,69.06474684204328,L
41.869892924809434,85.63514220082043,35.4537339386777,90.47309716083481,67.79800884574685,L
45.01748461243769,94.80203718906075,38.63947637300422,93.61429483127652,75.00689779296363,XL
39.5388787979508,84.13756825473949,38.93114116483248,87.24893494391999,69.47657775576393,L
40.32201409627265,89.6854543733807,36.67479256122062,90.9759381362512,68.63984774136978,L
43.426654709669805,81.52461774454648,37.16435379063908,85.42763422842104,66.33984256679781,M
45.06770535548748,96.82506201451838,39.630657910418954,97.93470486876299,75.57683608756801,XXL
40.567018599037624,77.16022993296987,35.441430789524155,87.66436792859587,67.36036482132046,M
43.091167958260954,81.67289371220355,35.40640391298123,88.03305028781934,67.56768275946561,M
41.23837468956829,86.61263332851951,39.90379007417015,88.66212184820297,70.72169993662705,L
43.12319833760932,84.79826898786418,37.55742010218037,92.31072269207787,70.68794868591456,L
41.61187982129037,82.69654482367834,37.373772713115684,88.21218734747823,70.03697578087151,L
45.16592199315689,89.42628906913953,37.883143042077386,92.71143002875264,73.18240477890875,XL
36.95960046197084,72.92315355308322,35.624736897535136,80.06747234383263,65.08421105200203,S
48.11289051681346,89.24478629948383,38.283901080694434,95.44084610335574,75.71127961653156,XL
47.93390562845048,97.47449547327436,39.64820984430981,94.92239581671764,75.0785178360284,XXL
43.26348887615896,90.00738414673222,38.9586531596679,94.79784364597347,74.9089364420576,XL
37.88744895917161,78.3273548676173,35.61221476096996,87.2193849609439,68.6330367994532,M
48.58342592202869,94.44685245796221,39.70732154616783,102.09057086902605,76.14804147450131,XXL
44.673546966663615,90.30581072872167,37.874459667188816,92.84021331582935,74.31882009826052,XL
40.22137979220083,80.88417849639578,37.278103138395096,81.97940539874085,70.83858744735166,M
39.3320155465912,75.87255399527288,33.87816365426633,79.52064389556475,63.909322544594595,S
38.80695179625663,74.64494178561543,35.02339694320442,81.20787840356857,65.7317584991639,S
48.722234549556596,97.85632001565116,40.63039863226803,97.34435772069423,75.89712340081788,XXL
47.051441947304895,98.95007107940413,40.10418406027951,97.40343045121206,80.911240164102,XXL
42.94006615971789,86.69982810434267,37.01825604699834,88.38112927022397,69.91439687731749,L
48.23499542163846,94.71101732787317,39.21235629047631,102.59218332844671,74.36848184230539,XXL
40.18235766689721,76.1749264232266,34.35988834155969,80.57498890573808,66.95068371280774,S
37.86027353132969,80.09818580223201,35.78031631313737,82.92950260295653,67.58381318622156,M
35.36989098308605,71.80880644987451,35.77754913664131,77.86932133452052,65.50313188730505,S
48.00690169616257,89.39181916207362,37.79170430652158,95.47707025800666,75.27309068068612,XL
43.942247433355234,91.62614191902136,39.03619292765359,95.4615088181063,73.81142902670318,XL
43.067743183499374,84.26290369415683,37.72812178196492,91.79904860124549,71.088838769954,L
45.89878276913641,95.44406918976239,40.410335357050315,100.75516930279828,78.11419448411424,XXL
48.41053088894488,96.87625772814611,41.4686652997934,101.20878648870064,76.89501603515032,XXL
39.77972348290483,78.32364975323023,35.49071390953045,85.87713232971097,68.4829859741723,M
38.55549154768051,79.31586653170179,36.46637819754322,86.53913388687417,71.33018858902015,M
43.82019624572385,95.27614483615463,38.61978152803611,99.38611013803319,75.99106536408422,XXL
45.87306927447051,90.6664936541761,39.262750021235725,93.00332859669201,73.46584416453764,XL
40.01069257740035,88.14780265130386,38.33227922968262,89.96259217249079,69.78921668827392,L
35.42601331530944,76.27882759289487,34.76724375272143,82.47387566653073,64.94869173365753,S
38.08250478187101,76.84781400097424,33.745522184854956,83.24386352209787,64.46831628593965,S
41.274117816337636,77.40076857685399,34.24855946123859,85.63002333539991,66.03817753438337,M
40.43289599353881,83.84264792597206,38.04603998717458,89.23147248340695,71.23104979511272,L
45.87676331155404,92.82144919541521,40.078171157217525,96.83927716865914,77.87042740593428,XXL
40.7461658916315,86.34458549800796,38.65410291667176,87.15037087061786,71.03691147938756,L
36.82565038029598,75.96320004522474,35.903322770449286,79.2269018565415,64.6454516524825,S
41.55451311045006,79.29750600585973,38.209926116655616,85.11934890398463,66.55695055380984,M
37.98446444783285,80.6374509070777,36.8052641701806,87.75333630486512,64.5879620313759,M
40.02757380835608,84.8184628446864,39.333118608768665,92.90588160940584,69.33702084665772,L
47.38901047916221,95.0467536980032,40.50488560753939,97.73535543035806,79.21581549618084,XXL
42.84720881539426,80.12244995460051,34.05885153226097,84.29122583794822,65.4410537202834,M
44.72484470882449,94.52522220439323,37.18406755299427,95.7609882697503,75.17925989196323,XL
42.71754073204736,89.50652526097034,39.92914933610116,94.63693970080811,73.8599286291424,XL
40.45536727194529,80.42421281673774,37.15386414955475,82.86402759494447,70.6109225514761,M
44.97337766649244,88.76057546038372,38.52424466007035,96.50571662074691,74.5310513736594,XL
38.05776097490798,78.30584258367806,36.55387895900451,80.92010594391228,67.41806486622866,M
38.398559316342144,86.82859584460029,37.25718756175926,90.82040995871533,71.70155804103156,L
39.088213892150996,79.72443912930716,35.254716032788956,81.9292832502236,67.95683355043886,M
42.88804240963226,84.63408190927454,38.19407574853835,93.74551789113669,69.70635748663476,L
35.485974896622615,76.51597882604032,34.73755167153901,82.35743956135822,64.71344731656946,S
35.01208371672183,73.3785733618112,37.48360174450729,78.18842534610779,66.03431934316,S
45.72030892336355,91.40201955950569,39.42439536961299,92.22869471854483,73.51227942091735,XL
40.08876416872089,78.58680260961923,36.165703842331936,88.95995961601558,66.81467703810202,M
38.99568573506058,78.55090168470088,38.25756979126475,86.721512618884,70.57521345669988,M
41.30848757038356,78.31595678224372,37.42690719414555,83.66891354738392,65.850334074858,M
37.53685852855405,75.40066381909854,35.03129164400455,81.97154954249689,66.11664432956934,S
46.741603682929835,91.8826465402439,40.596857681015265,95.8117816820494,71.56126985692039,XL
38.136407054124994,79.11142564289048,36.1856527996792,83.98148482495493,67.3692699016367,M
36.88232221659618,73.88171014009686,32.965531096985806,78.67837720928313,65.38106397770514,S
41.23403369599388,85.05829066916874,36.34111248250287,88.04205724754567,72.82003383052523,L
37.21191043435758,74.96037492574425,35.03052459754452,80.08776984747921,63.68220086618903,S
40.77374835404752,86.09912203204395,38.12789224875273,89.2850825702994,68.97148795690848,L
40.54569405989795,81.93958812184432,38.0317067476963,93.37232657650819,70.6693377007584,L
38.178886619011095,77.01748983753535,37.30338475491064,81.93902058783098,66.16831295698725,S
44.68236462500576,87.38037381198723,39.640044707992764,96.19688630391195,74.093788387403,XL
40.46467094087021,83.72995955256907,38.12762231042298,92.1081007713545,71.15768848824152,L
40.424314067828746,79.7072896730363,35.41342008559464,85.55519418448155,66.83996389618007,M
37.92330586287267,78.56807271450737,35.76358855129346,86.36457378527895,67.755717921184,M
39.12304916311872,74.81386598188152,35.19674246894325,79.47442730759576,63.343705916996115,S
41.20437272848248,84.63894537533174,36.68495328237743,89.6601659607635,69.2776223226693,L
43.61115355096245,84.1996871728871,38.34152923503168,92.83612345152612,70.54528167978114,L
42.47614676337952,86.74671966158512,38.153960923717015,95.97058990687279,76.07189709635482,XL
46.55939451486432,92.79144834525688,40.100710504590005,104.7562239259044,79.26433923790889,XXL
34.87621153900645,82.2374655262225,36.03843032722764,82.50841818495131,66.90566865235364,M
40.53248838276899,78.73457889717446,37.152128374609795,81.94055387329944,70.27191487101413,M
42.30859929011461,80.65460318508562,36.33761671596315,88.97274256578525,69.00034634275836,M
39.14386488296465,80.75953824785296,35.02544515349136,80.4802989662195,67.6561801101035,M
47.81775575324283,96.04805585664816,41.27442298034073,102.30311017919368,77.73379717575384,XXL
42.76734608147532,80.25213996970274,37.521120075044415,89.3344512448233,70.94295446116519,L
42.782743225476,90.12395634254149,37.98823091450461,94.64548954059423,72.03053913127556,XL
38.0551871964412,77.05246483731429,37.07537223859949,81.78981603986313,66.40708310626623,S
37.20963618034445,78.06088175177177,35.29144872572382,80.74606836014742,65.92387238199063,S
44.531979284395796,85.99799986581232,35.87266982434466,92.19105703133208,71.02000746744841,L
41.076822587359324,92.86189075847332,40.192050931484744,92.47080876851841,71.8239272670567,XL
37.339063951873854,74.4195604214307,33.36042410165867,80.94787953870524,63.89649648424143,S
37.515500575534176,68.68978661182526,35.6891258361676,80.17701849836146,64.39438431796533,S
42.839836208891946,80.95425141076369,36.45223816124952,88.45347060037514,68.82547718589274,M
45.439381866841984,94.19812407251989,41.20191656537108,96.2977586499514,76.49097935875847,XXL
35.84084270178056,73.43564165825727,36.677489256107464,81.53385004169962,66.45128357597972,S
37.11416427037554,72.99580191418477,35.88965984633846,81.23336593391181,63.972130801174686,S
39.23062560085005,81.4946719299637,36.72785690404136,86.8265422640845,68.51497136411767,M
35.37761244805894,74.63729262018704,35.36524465543865,77.27242503277861,65.95296593217783,S
42.94067446048183,85.29284526741111,35.065358501242066,89.95572691347722,71.010521267413,L
39.83712086025131,82.78797373725158,37.50034837075937,82.9163217378762,68.05212475780533,M
39.12991140068653,81.18051404933401,36.19910546362364,86.34174900196949,67.89051583171421,M
39.14704920397756,77.13984133855935,34.73224970739729,81.03567881201307,70.78922715618903,S
38.344582941247516,75.60711269545442,33.69630628088649,80.3737952446147,65.56754673945173,S
43.08151154514368,90.03648829390185,37.92918931363667,94.455967058795,72.00879465010352,XL
44.2811437052086,97.49320006256517,40.3279909923433,97.46107337321583,80.50388997408096,XXL
43.6077147843626,97.26439162297872,41.0033385432038,98.32220901589127,79.6839617301445,XXL
38.55332145138596,81.03582110247787,35.15080105597098,85.99528929090606,66.44275940076068,M
38.00161289822405,77.92568003586943,35.71177184929362,85.38531427468297,68.8174045422714,M
46.486296829923425,94.9797549602751,40.27636999570106,100.32473024856905,77.9675845201364,XXL
46.74573894526962,93.92289517056746,38.34386890608052,99.05689219600265,77.46813123629302,XXL
38.87223775227104,73.74900077534191,34.203417183178466,79.55762339914894,68.44075610305399,S
49.47825685445533,92.18944406187316,38.79328170073821,100.38641264393692,77.60720771769984,XXL
45.066057984003855,91.10787836212418,40.478375187057175,97.34079692942156,78.0180651422806,XXL
35.750071464140994,77.98669668988677,33.495921005269594,80.43966627544492,62.67967202498304,S
40.12434718903904,80.41081358413348,35.45987098481157,85.02936955546384,67.44014442156725,M
42.972155366307064,85.08810762324362,38.65304579242858,88.06824506413898,69.1765414738948,L
38.17544505294877,74.89662653046518,35.54648986279983,80.74672307469044,67.3268163413362,S
40.44218974598687,84.78710270529257,36.52069416340438,89.45101529596664,71.8076657173738,L
41.205510465093376,78.48299166304703,35.8971282391026,81.07738450225158,66.64092807511805,M
40.65937154658171,84.40401322506122,38.94172264137572,90.3403198607575,73.53748691059846,L
39.17491768466065,83.75447676276232,39.19770104758307,87.73776556257232,69.43724091619576,L
39.36712948476094,82.1216707251546,36.52960087860385,84.9925378119775,67.59116274615315,M
41.588959923651295,86.69875756849301,37.437924631890056,89.45341342403232,70.34712476088103,L
40.24403031133768,78.69055986954483,35.02654614319354,85.85103979238785,68.13702941246497,M
42.23430851179119,79.11636115583536,34.0863322193696,83.6780470329931,65.4311717221994,M
44.786230475180965,87.96105270643372,39.85078073113528,90.05384748026091,73.86319269129606,XL
40.85134384168034,86.13408113145786,39.33869042600804,90.50756025634496,69.1681808109058,L
39.267906546146925,80.86886178724288,35.18283109907544,86.5357365478759,67.12315357911169,M
42.358901912884605,79.74649262960386,36.172976052866574,88.89110443387308,68.05852334603453,M
35.364457775452095,77.36301300611105,34.65946326835432,81.62717969158611,64.99614654688081,S
38.25490107859171,79.29197129946292,35.807620099979054,84.1208422634685,68.03588390063618,M
38.38860292991887,87.10554235569784,37.093182816944406,91.08719435172667,72.4073381656411,L
42.920042733498356,84.59551608152762,34.681891207710194,90.59231182347654,71.19517237131733,L
46.23379232262404,89.12306854174783,39.843051404905836,105.25925526781643,75.78063084520088,XXL
37.99584991973482,78.14522757928637,34.009212856987986,77.56791846777664,62.07163463427833,S
44.04520540189496,89.90598875928757,38.52702075279397,92.16057499547782,76.75636607323032,XL
39.280463758190734,80.12334066405474,36.23891907695056,87.38217599301605,66.66789512119536,M
45.26779626594353,88.66902823586061,39.37181436322141,98.76390726246022,74.44169564585084,XL
41.335795994688354,85.28691667285231,37.662266396257245,95.26020510411006,68.58618764123176,L
40.829978582759956,79.25547248557692,37.38944463345933,82.4147035674999,70.06750964222859,M
45.90066396884933,93.59831743945936,40.09654245597272,100.19168284879903,76.41554133995102,XXL
35.321694595351225,72.48083360020988,37.41538104668933,78.11239453882543,65.11303482337885,S
48.58239330313528,94.12661284758033,39.92346759267986,101.51126426198935,75.78332952792296,XXL
45.43237232597649,89.48745235198719,39.7638307884967,97.62758508414834,76.13223241998458,XL
37.52907105130637,72.77207143473579,33.29300131922001,81.34735011467549,64.27921522204132,S
36.21946363453679,74.37228529870403,35.58982238874561,80.73025093566432,62.751766581603825,S
47.04694938970756,94.65235427217952,40.96909148185039,101.80326101436268,74.95998296207092,XXL
42.069391476794216,88.34881793004034,37.976771413159284,98.62915100647874,74.55532651256156,XL
43.21718283683492,93.14004937029873,37.780901611710235,92.96030621874876,72.48682432170745,XL
37.4914257429139,75.27907615528606,33.74344828126135,78.45782054668871,64.13374719397333,S
40.41531174349091,73.21434842042083,36.654996169949804,83.84050714035683,65.63940019280976,S
36.75688949723646,69.41564888400437,35.671757492003756,80.27437384958563,63.6720016143881,S
43.15570030505757,84.23863992943251,37.50478742578231,90.62498643118748,72.52667588349325,L
41.4609319077629,83.2661605736511,37.37563171237748,87.43506717551944,69.89157031590031,L
42.975127431111034,89.79782801131708,39.32226273846597,93.87530991595625,74.40225077950325,XL
46.87099249266052,95.56272339420212,38.68362056689346,100.15323368501053,77.71976943716402,XXL
35.214199303280346,71.90834035203966,37.4696938015664,78.71064016335745,65.95674206856144,S
41.48601163969237,80.0941600659055,37.736973010749615,82.73362152412042,69.5240556894215,M
47.756223884664436,96.68091333348033,39.77204622444293,98.82266504789433,76.10983828179778,XXL
42.79430818903625,81.24045022913553,37.60515735344675,89.22334925701173,71.24629860518168,L
40.942949943036105,83.82450005355739,39.163375940458174,89.22152442568125,71.38183497059606,L
41.002811232294164,85.15446086268985,36.481802331820305,86.48688742315888,72.34750879698731,L
37.92507919415254,77.16446922266364,37.13094530399004,81.22867894670576,66.95103623412768,S
42.68361239283073,81.34220390824589,36.373700784409124,88.76179100666188,68.99468843221031,M
47.01570157109528,93.44496105312643,38.63371684489899,102.08747404546871,76.85372686944771,XXL
42.21568744088581,90.48070027680816,39.76768638996385,95.65352288934882,73.11296280334582,XL
36.40053853418775,74.70902510848434,35.01186972698838,81.22468825485024,64.14458149485908,S
37.111873254609904,77.87359765363465,34.254086629230144,78.3185460454202,62.32791026883858,S
36.58146651119344,74.88257631360507,33.49525079271929,80.99544712881195,64.11801172747947,S
46.95011848541571,98.32335762899713,38.852221158111064,104.42433907107134,76.10809196107046,XXL
41.53600191315447,79.40256323634894,38.127110556792104,84.1590350375857,66.53279254892446,M
41.90236722438889,91.31904313918197,39.440436941917696,94.86126993405871,73.1311776025381,XL
42.50937880808098,91.41632773352896,37.94158600061645,95.87614695228527,74.03506672254973,XL
40.083884418284335,79.27113028646856,35.11627746859163,81.9770001272044,67.87972441215823,M
40.28046476893673,72.55163240364523,36.98040928618082,84.05196950606563,65.76420701649506,S
35.96751577950843,74.187036137614,35.07362291485651,80.19737959611157,63.166877398668106,S
37.038853551004216,71.75428737037271,35.583320777265634,80.70058218253544,64.03471229582614,S
38.31293043781013,87.850961075568,36.98671442725551,91.00243989694208,71.91513337809842,L
40.97751199539776,85.07957552986761,36.9169567789479,87.58000877865832,72.22517036960834,L
42.19239334840014,85.48957501975454,35.698284475586796,90.95968995067582,71.89141234026148,L
46.87946043455175,93.28443367717306,40.91046473081824,103.50789117463835,76.82302104755888,XXL
40.87278996826601,82.88687772850474,38.330538401286894,89.94022626508156,71.66320599823821,L
41.353049504204265,87.40613044092653,40.10225517486753,88.464263487336,71.40293645956264,L
42.08300724591133,88.7411944125786,38.134782756924544,98.2391832174315,74.64858587818684,XL
38.170326885704554,78.09090377487442,33.83162359786488,77.79882595856353,64.92190446466181,S
41.11341991230531,85.67604364186401,39.176948293782104,89.31381223004237,69.29185840163805,L
40.8829545693348,84.83401603789198,36.319564577698806,90.65567114028109,73.2683674940726,L
42.82995542172197,89.86954431324241,38.548460897012376,94.28645763108364,74.56964182395956,XL
43.868641757392645,88.70398092796059,40.09047983978679,94.57988046481161,73.06427727427273,XL
39.43314948898211,80.56674040747285,36.82936888533382,84.40128121361984,70.1903108050268,M
35.69903190620123,76.01938410398324,34.80242153460744,81.52154104746967,64.67955572790763,S
38.64792828885264,76.33453632904722,34.86247142018637,81.4862137551468,70.98337922815342,S
38.68013551292799,74.71341722956024,35.628993101942264,80.21073941639892,67.35202163036237,S
37.429361478185456,74.48340254502415,35.04490396341815,76.09410046635107,66.7084658318745,S
48.91636810844369,97.07647679943265,40.79348066322656,97.30550803602152,76.2121748666449,XXL
38.41930622903509,82.76099426146726,36.74393101333971,87.68829986645832,68.25249535776241,M
37.334961797480844,77.28571391118459,34.58676845786048,81.06671655416915,62.62968747414075,S
42.024014066912066,81.47755186140168,36.35631267446384,87.83478769513157,68.44187542703824,M
43.7359349573479,82.1790481564948,35.363017930759284,88.46314687831693,66.82133414756112,M
37.314668186307856,75.07681604593073,33.60940100720535,78.2204376001902,64.63362185141854,S
45.59272467193228,89.5604557610477,37.936619983770676,92.46858693108814,73.10846637502658,XL
36.408367550952526,74.88357026006852,35.082427156134166,81.30510304693131,63.72573666681212,S
41.56329426111444,86.86661692515186,36.976915134944036,93.40050033088984,71.05419686999907,L
40.682732747148975,84.48977805399005,38.14377142666777,87.85476886767846,71.90256472418042,L
41.49322610633941,89.91664937897816,39.690885783624644,94.23203209184766,74.06382451866689,XL
42.943958262797416,84.72301873595192,37.28526803040645,89.99964374968289,72.18013285721534,L
42.69801374759821,85.14834704042256,37.22789994365505,88.47231054227518,70.14886187525782,L
36.502284546710726,73.91542795952718,36.92886928337774,81.1586499555111,65.61873868871065,S
46.929565021267656,94.01477307566081,40.97457104469933,102.73004680900927,77.37532536385426,XXL
39.154777620200186,73.03351499392319,34.519334881914105,77.92839441250577,65.90532120824933,S
37.36711687506837,75.3409514504801,35.201408925807506,79.46414711568079,63.790070697280115,S
47.01344271234643,97.71697541999684,38.72821027706355,103.75751246083156,76.28831291395188,XXL
45.07078590303809,91.28942886526708,42.31575528976778,103.11835477824268,75.54037511758551,XXL
37.12934418464161,74.61996161527665,35.25898154832985,77.9165863118417,65.81541497638293,S
47.98913179009257,96.51063192857498,39.64482394526343,98.57582821523849,76.1839882806684,XXL
41.06004778195147,78.69822293417262,35.9597996698826,83.4463448466573,66.23069819959518,M
46.56853276384124,99.42330809278826,40.20566817720715,96.27728798370485,80.79620383984862,XXL
46.88139175263999,92.02022781932119,40.81433838649394,95.18632503593629,71.70253726069389,XL
41.303801388652296,79.46175002618806,37.517523135436484,83.45702035536749,65.97131117189402,M
36.87172417038621,74.38539861448713,33.13995655382623,78.69532902072079,66.30232474054057,S
42.34555427002083,80.29422500275265,36.42303543633149,90.09840311984736,68.00313211192207,M
46.907083481074125,94.90821028964645,41.04338698048785,102.13687977872233,74.83954142303048,XXL
42.60712046174883,81.63563971530698,36.35425206143384,89.08280842569033,68.93150926297658,M
38.038530793810004,80.7276712238187,36.576493935696426,88.58091177939733,64.40516380964563,M
41.50046103717011,76.70814970829375,34.34292164978571,85.91770735921365,66.94305227844828,M
35.445128157003154,73.36656363367278,35.41830287645293,78.3013051622418,65.96722672315704,S
37.720263433285545,78.06286313790672,35.63723877488273,87.79240624194459,68.22422948316064,M
37.81424700712114,73.50712280790864,34.60791748234408,81.07702642887146,65.70408023853395,S
36.82839672759828,76.01280830511705,36.13891346147861,79.56903232377523,64.01888386956774,S
45.01236068856174,89.54695004160284,38.683307858460225,97.51668260970358,72.96536808264798,XL
45.870015176251705,94.01607407661228,38.93054106866089,99.75197874537871,77.21447842328311,XXL
43.129308043907876,89.63360102003368,38.78034865736335,93.55408003897499,74.7883967393922,XL
38.02842115042539,87.50315866710613,37.203302252386656,91.34565739523458,71.93577792578927,L
38.128517610044526,77.0090636441832,34.04899650100815,83.28597186872248,64.83139102848142,S
46.43987787762401,93.23361511500795,39.96927168146862,96.46088249810848,76.45064231843158,XXL
43.198500416469734,81.57410146375973,37.217443477665135,85.26215668394165,66.23811258158318,M
40.40413582047374,81.0851257170825,37.0462166943176,81.75317054369086,70.55423024463425,M
41.442984031071425,89.43728952346089,39.77944358761806,94.51460575051107,73.96535089378852,XL
47.123732702109855,98.4804899043996,39.78379286581948,98.62107473741459,78.64478109075655,XXL
47.84215907719628,93.72230991618528,40.89419962670657,97.21843881769847,77.70895803403889,XXL
40.817637158676405,87.798198646575,38.52524320921029,93.12804376742329,69.3791037699496,L
43.065934117297786,89.91958698124418,38.802534221470665,94.50261815394413,74.4237827712153,XL
39.28912910466567,78.7676422495104,35.2775584095053,86.23069900953979,67.55819505314689,M
40.06875325281721,84.15991856732401,37.16693872376024,86.55171055423534,69.89689773741206,M
42.220431146958845,86.12309728517427,37.21642295116,89.88112404414449,71.18421852860047,L
48.75878492525415,95.89627652780325,40.63965321782093,101.40377810641125,79.48927745977092,XXL
41.63719125683237,83.12042055707484,37.570048454514456,88.55513676161863,72.82843068311414,L
39.32705753238552,84.34620798518293,38.72969118854985,87.42087968315968,68.90487398945352,L
42.69033314466781,84.01408680624881,38.69308812929527,89.50306370926279,71.37886416284576,L
39.789477388003796,78.87038179205892,36.76199398555447,88.66764197845313,67.27684308689824,M
42.02538008797801,86.33695451485556,35.76408302005005,90.75632145205476,68.07236708309341,L
45.53394721837816,87.74653201545787,39.34003069649184,100.1590647853371,74.33720068002675,XL
48.192647751715036,89.9875855173095,37.83336549758848,95.023815935438,75.44197644226782,XL
44.876218583292804,92.09954881612427,40.522691572954535,96.60113160095456,78.33594239139524,XXL
38.051604127806506,80.4713556493894,35.980324622290226,82.5680975554074,68.02675036059135,M
39.53058059141204,80.07266349623181,34.85003270036963,81.50902662237495,68.30220251243169,M
44.73559058925132,90.3125548412339,38.00324036062531,91.71940075490475,74.27272294444452,XL
34.87971366294874,75.55995444206435,34.69628613617671,80.2103539563015,65.28719945044843,S
46.485090661943886,94.8542003658129,39.12108911438718,99.99444721792204,77.22154772552035,XXL
38.364142491664076,77.3299374725061,33.714061487161715,84.31513690782573,64.57467472220186,S
45.301854876805734,87.9666299310384,39.20209687806302,99.73478304182511,75.08953142607476,XL
44.077982864403914,87.61852632003949,39.733814984061944,96.15847062642118,73.57636706961846,XL
44.84622886682379,85.04766655708838,36.46550983032714,92.13723362420752,72.38207733370872,L
37.56711937944859,80.37744303472147,36.78345408743093,89.34426073322355,64.5392976228408,M
46.426359386010525,95.78918270967745,40.8458632590596,101.14219347762634,80.5164274146627,XXL
42.420413376440166,85.35412323926795,37.86930133259902,89.06692093647465,71.16260362551117,L
47.20686144661641,95.42036293199169,38.58698076973899,100.43473239699341,77.39390021652072,XXL
41.32037655944443,78.19055440766896,36.096436350400346,84.13578420001137,66.42884523450324,M
46.7721288080064,97.98298452504679,39.62350610605777,98.17401275692286,78.76514298014081,XXL
49.34764634626958,97.44328067766567,40.525799864566814,97.15944311976979,76.36875280118264,XXL
36.36120485190781,78.986871033012,33.04284718111606,80.55353467189221,62.42119863125409,S
48.132360231975305,96.78499210065158,41.44298204706677,100.70417836902598,77.13963366638163,XXL
49.308455975971405,96.99014313975101,40.83668821731991,97.50312789622998,75.89440092861493,XXL
42.929461120030176,92.41623082243603,37.60678767023742,92.46667550485947,72.95513105484495,XL
43.65883857985242,89.99694190599278,38.5223711117833,91.85693191335227,76.77157573073366,XL
42.28415287152159,88.3781930348291,38.08033515216276,94.41001801513853,74.31600147304773,XL
37.41146557363655,76.50099321735819,34.61226978380866,81.3733560311245,63.168640236039415,S
42.68695509999285,80.8885763455914,36.61761190158368,88.61660400691854,68.53120871139578,M
46.75361419886116,98.89630172500519,40.357028613724665,97.44248230980742,81.27073332202261,XXL
40.6832568472649,80.87807712696913,38.37555485652393,86.4667743443168,72.24214181615035,M
46.47619568735055,96.1368726747704,41.05546675627057,101.64526673684932,79.93016596407489,XXL
38.01946390145357,76.9367024398834,37.3276397248694,82.18971868190829,65.99116891374014,S
36.67255286291372,75.27778172689766,34.946762094189076,79.30197539706018,64.27476455435968,S
46.38241216638348,96.07696040656722,40.84685948200165,101.89455952385308,79.47089010148832,XXL
44.12746180390424,87.31068491170336,41.09172951075988,93.79328023222976,74.63306451276486,XL
43.92355109089916,88.20266407439922,39.872594501037106,94.38531559787225,73.57691389859163,XL
40.97273490644842,77.51686511787993,34.23024326179525,85.28875188699854,66.33324916876131,M
36.204561002571516,74.69161945723424,35.59790285163061,78.10187420825334,64.16651033487157,S
36.12897618569432,74.27409786221182,35.204784290503305,80.50513886882848,63.724727602967214,S
43.50393628114828,92.98936628857106,38.0373201647952,93.34087832779569,72.45099524442259,XL
46.71345093503683,93.19330605496714,38.83336529417627,101.59699945128241,76.92499340326117,XXL
37.42212768011404,77.2219962107499,34.526375575518585,80.42452347134915,62.606415997969734,S
40.005081158523204,87.11127524383146,38.373146551164595,90.1053025513662,70.22939305325845,L
42.45985235810083,81.0966884319704,37.933992803712236,84.47293640556455,71.1081577645577,L
39.99602693450593,80.5474964849747,35.26107626821861,82.77943083675828,67.956337943696,M
44.14959016322029,90.62124902608602,38.67559926023485,91.25739763544904,76.99696066165816,XL
43.8668710758299,90.86619170082848,38.31752289877646,91.59418359975135,76.10465116512512,XL
39.77632832431064,82.4149576251276,37.74341450301654,83.29431677985374,68.07935345086982,M
48.0278625379438,93.00814777600853,40.04429050990408,96.23151931887841,73.71933103019552,XL
46.08086574588058,89.00156003468807,39.977542335182285,104.22664373236904,76.04180239163696,XXL
43.15065369536364,89.60070409067747,38.489675561111554,94.261537423447,75.17457204064073,XL
45.13404976622593,89.45705047673826,38.547647162489206,97.23177691447698,73.27394344266251,XL
42.89378300842144,81.41331157041827,37.70700504909687,89.77887625433353,71.17677306197544,L
44.008448529579205,89.74582519513471,38.89783791124293,95.39661952951741,70.85969313409502,XL
47.323382757822515,96.4264060064729,39.57007490846424,99.16109377947913,75.87471807838007,XXL
38.30029853676893,78.65758007090147,35.881602482811715,86.65594271600109,68.17313139946765,M
46.21381092072068,93.72389260464823,38.86315382363374,99.39699588059923,76.81391568560379,XXL
44.68917520551116,87.6463674217927,39.71265729967713,96.12621649242699,72.93698024959345,XL
40.732686122552415,86.19740891436635,37.78895721795464,94.95328454436323,68.69199497920482,L
37.83884393440015,77.70995161941191,36.4965228082041,81.1344134501325,64.34787214019057,S
46.87153026319677,94.56051697469178,40.75617645716167,102.06041259592602,74.88425410562878,XXL
45.00024896861093,89.84908331772901,39.76180852642036,95.39726621344792,75.06056072590366,XL
41.51003739726488,83.86241490099371,36.71236165897097,88.47434687509522,68.58578699120491,L
37.05854883048276,76.33386164127302,35.344340377094376,77.62203202240121,65.37253017358465,S
43.51500067050583,89.40718807634029,38.61033226645844,97.44331212267926,71.9825466110612,XL
46.50112786691766,95.10003905958087,41.337207923383026,101.76895154123251,76.94644465073225,XXL
46.50881569768627,95.80112864954793,40.698485799749065,102.31566764693954,80.1628949934957,XXL
45.60483819891528,96.6169523093406,39.53141639036679,97.67223898940378,76.12421325865954,XXL
45.07135224923641,95.20466544682726,41.316672342948266,96.6171497719599,76.68072222096501,XXL
42.550655641265045,86.83774682976218,38.1144916926843,89.2443343656349,71.41341976902193,L
46.7135371323461,94.17108804019917,38.58775458637751,102.30380363874218,77.42283351866999,XXL
42.676251136532414,82.01184024357855,35.21291733397411,88.1855960154169,67.02465573473104,M
45.639473457008734,96.154405151311,41.91683260028144,97.86825946448961,77.19788465252749,XXL
40.699192486949684,77.284630297285,35.59062189119183,87.94677558190342,68.06039201121047,M
42.01966655982287,85.31750646440128,35.48065599601886,89.68961232079161,67.87841732670083,L
45.70891464431355,92.22735372782593,38.14473527129559,95.53069129674859,74.01665480916519,XL
46.5880661518742,94.11897289681005,38.78419632454647,103.33498706543992,77.48864681193078,XXL
40.5209777746277,79.62928502031244,38.16265282432698,82.76647536493034,66.21431237460745,M
46.004280310076645,92.52609920726212,37.862681913305536,94.4495886685386,73.62015318788373,XL
41.789600618615005,87.02869135913194,37.81014669331719,90.34016321642821,70.11894778188679,L
42.8429311333527,84.81629433373169,37.92430577748988,87.45919726715778,71.46591512336754,L
40.85516929948953,87.1592350408964,38.3289837505241,91.64505917871047,69.92027990794324,L
44.701988310337235,84.48294279542218,36.47492374520986,91.00456547950404,72.61244946391365,L
36.94802297738907,73.67045751859999,33.21173177626003,78.42932680555067,65.70542855156138,S
39.352181299384725,80.45030431558801,34.91025552926107,80.80486893583347,68.27787670590412,M
48.209540226772745,97.36113271484807,41.31706840085536,98.29408526468988,76.25913002909805,XXL
44.931718390630095,88.1296760613968,39.823536255118725,89.73649512886878,73.93944239230134,XL
45.27981665098366,94.85147937282855,37.045561986334704,95.67379352544138,75.66100594078068,XL
47.508195912722016,95.39814377451087,39.58533505208601,100.43210325898944,74.98953340515476,XXL
47.28052413936305,94.45709412976979,40.35588853723908,98.57462378567313,76.09906599983476,XXL
40.38256747059792,87.17601543966595,39.04890593906139,87.16374305523705,70.63564662974245,L
45.523230714102475,95.89669076867538,40.83561193520339,101.03133997563964,77.24105456604862,XXL
45.25502393754194,94.52527991899049,40.126911219858265,100.82559869837293,75.98914301777027,XXL
46.4957396858259,91.51813299835756,38.759346590664656,95.75384031166077,76.12572864975056,XL
45.62290268614343,94.33108638555113,41.30285955627774,96.95578071084802,76.49669881443108,XXL
43.0071004433916,84.56702079110063,37.66763120375228,92.30847045657002,70.9498554708764,L
45.53190455205496,94.3046204902562,40.07144899158036,101.89922254751983,75.29222078797675,XXL
43.062857412896314,85.1246254018096,37.51553973556745,92.12118991662896,70.91667618090494,L
43.37277713456331,88.86934846299246,38.57771614403673,95.62954837561593,70.59544968307817,XL
38.88917824165517,81.41245047205202,36.29231504168194,86.36038744987086,68.75349491725726,M
38.32499394487287,77.2931691097916,36.19985601260312,81.52505732700456,64.95850007527245,S
39.89607435908154,78.5211358880771,36.5252023120757,88.40537565693678,66.6339124841751,M
46.048715293608694,96.45693663243769,39.91192237557538,100.4216892334286,75.31163429898488,XXL
41.93421011023026,88.487573914394,38.3544704428514,98.64118470695992,74.8840266281595,XL
39.485826962152196,80.1386643129527,36.39035104581253,88.00000230618096,67.3691443415105,M
43.24746714181464,89.1321852293137,39.01522834855315,93.66133783531322,75.57127830622754,XL
44.07258588478036,90.71252211213019,39.048630222882906,96.30412203924041,72.66000735413985,XL
36.761629638468875,75.17765536830342,35.14893305798461,79.66438053978503,63.5364802520423,S
39.168298392907225,73.0957649717946,34.103713654058836,79.56236537066289,68.48988051145555,S
44.401607857723526,88.29916771474963,39.630504307049385,95.55451514618632,73.68994730215775,XL
48.097238001500585,91.91660399214797,40.254700230396075,95.54442733115778,74.13903998507718,XL
44.61104702585566,95.32334223855538,37.49195273319031,95.37880458007946,75.60578606417359,XL
44.28927249514821,87.1291309503315,38.17398198899445,96.11305864765166,75.97056365923275,XL
47.69555911572118,89.28177514280519,38.11445201029715,94.9579986410499,75.79975616890925,XL
43.35134004004591,89.30188244740297,38.77301416454678,95.5703022876359,70.52692287480002,XL
43.79144923619812,91.37197028233045,39.26656025486477,96.11171894414721,73.27665503133255,XL
45.957352828240964,95.63036429164312,40.50755299099395,99.81416779634856,77.64097154831602,XXL
46.35698080517879,92.51130283973396,38.06517743114975,95.05064264076618,73.45750954806196,XL
47.24896901227218,93.41003830393029,40.147402585251726,96.63956866752973,74.28651406436147,XL
37.316607496966206,78.08215844010368,35.24877823100655,80.33934536916547,66.0855399518185,S
46.54711357990042,94.54587479476129,40.78777377321662,101.8634920637742,75.28250366661811,XXL
38.3956296512456,77.85742131431567,35.7091765161207,85.98789136550099,68.86686539542883,M
37.84654498107223,86.53831701173073,37.20897091916055,90.4132162669991,71.70896513878456,L
40.5337289330994,85.15875978358372,38.96036403547278,90.5746166687095,73.06212381453656,L
40.15455685652426,83.98650747306489,38.78949095724082,91.89024666621962,69.28468472661238,L
39.35009224235921,85.16112200425104,36.291160564065585,87.45398393826773,70.87876119259356,L
36.55163449358236,75.17882525351142,33.35902083028124,81.61924556789018,64.02638992676523,S
44.33716968148389,90.22865464700793,39.31990309940594,97.02122141875124,70.67995934362777,XL
40.360206150189384,84.45838689413871,37.13074224243151,86.81362271645177,70.2880866912555,M
35.31384823048751,76.19480720502865,34.63705499148147,80.50635882308188,64.85294988554153,S
46.64653843016675,92.85618025851383,40.02240997660266,104.8360670070353,79.06343230282425,XXL
36.27022171946708,74.34803975133944,35.36397070345015,81.51622629073279,62.99167996717646,S
44.95087284347457,96.61815837652117,39.523378532986804,97.50643501889996,77.97683816819433,XXL
44.31860610962685,91.98332409529903,38.98172008029605,96.0916722645036,70.62083443344699,XL
40.821263976981705,85.06018340166136,36.25924241749405,88.33967446622415,71.32754941723276,L
37.840236161333394,75.40685496706233,36.08529120088255,79.7211888059078,66.21613572949485,S
35.27797618872342,73.4064268617274,37.44187135637497,78.85071067714246,66.2802138360679,S
39.552484338338814,80.70329627368447,35.6286995820763,86.7033479526163,69.21213711158525,M
37.566561538484834,73.12381717626802,34.49680012429799,81.20936404697945,66.03593300629552,S
42.647940980171576,83.79717964148377,38.68741385213563,90.17939896523366,72.39435349486925,L
42.1853337325693,85.07929793223751,35.7131623975229,91.85296000694927,71.66235762392759,L
44.50743165523399,87.77674901469548,38.22358312822467,92.43220212243251,72.77550770451121,XL
45.835734401176154,94.44147635661925,41.84856495516174,99.43915061380002,79.88669289826275,XXL
41.59626328448684,88.46507461918031,39.64144926074116,93.62591100301684,74.46266099968285,XL
45.40828312009613,94.6453399257585,40.09753572714292,100.5919904177526,76.1605769398098,XXL
43.73809339938402,90.3759028633753,40.41892498738121,98.45775704833571,74.91788433249609,XL
46.06879693220227,95.8705045110058,41.85967500046375,98.24954530371255,76.87737582362352,XXL
47.65033031428699,93.60302997323066,40.14131837799158,95.19492009838041,74.80512938444258,XL
42.239267004205125,90.8182513865611,39.47597137046745,94.33996397267876,73.74625434167909,XL
43.26809911665042,84.10166249287305,37.60449050050444,92.81828122218143,71.0555435432369,L
47.179176445166355,94.62875090752573,40.04160865449038,100.98858508012935,74.96717116328874,XXL
41.58738392069283,83.09791426588741,36.262036851057815,82.45303883554236,68.16309798863028,M
42.61421403303631,81.41448780297418,36.448001218133925,88.37196585540147,68.96692187869775,M
40.733301929585465,80.76872140174859,37.34035408049254,80.72852563035876,70.51024320378507,M
48.734301548661875,94.36469901228612,39.920046813539365,101.77765557763554,76.54096134506801,XXL
37.542098209902505,81.50188943394981,36.500636635253215,87.94390085841361,64.56935848144265,M
43.73732853271894,84.77997526146369,36.955513179389065,88.98421819192238,68.30666964049651,L
42.322044454458705,85.19162505516563,34.835792599893686,90.30522597167165,71.43394441912216,L
39.52796472884371,86.41196509921102,36.409869495820196,87.71764772262945,71.14263312681129,L
41.33817681982886,82.6187245179225,39.04779694916322,90.6349782923585,71.894731760496,L
36.90089614269737,75.0907592879253,35.01201927817159,81.08543514770929,63.27351963291412,S
41.53533623967486,83.91147816863712,39.16496874492686,90.07387934199029,71.63998060121862,L
43.509571110049315,89.14948963769966,38.48697938411062,98.42728563550689,71.73443510150824,XL
39.26527071729805,74.93951465646582,35.16441236256461,80.83414779753693,66.09007399839352,S
40.53776988993368,80.54423305435982,36.51973465527054,84.05027112903672,66.93915789156452,M
40.985025513579465,86.2418349908506,38.8065129760817,87.02473711704255,70.85922355161847,L
40.084845457460105,73.75815687492982,37.033090370985825,84.09985738863419,65.4722073972106,S
41.539024058493354,79.74203746019995,37.69715800036766,83.88844710993017,69.40356856828373,M
40.94997778895781,80.23441669968439,37.996527368236315,82.19950435768722,66.54487444032588,M
42.77820330730076,89.77595518290747,39.22694780833094,94.21112674410656,74.03498447536415,XL
37.506429218105424,73.17124387871051,33.420759233243935,81.21533216871943,65.60683716849555,S
37.23276443059703,77.60620067790659,35.41010969241557,80.12972082614172,66.23736352090252,S
47.344432050296355,96.12580082270378,39.39236329466552,101.08939779423918,74.83740212222294,XXL
38.174022855990664,87.44634867365478,37.18569250999935,91.12507990232761,71.7728277342489,L
40.65866018733378,86.98121042202531,38.47288879062377,93.11125515667013,69.75100976605808,L
40.123941840156206,80.69000468711597,38.535784242314286,86.90460211460218,72.66547418975568,M
42.91873616728698,93.66559762504512,38.046353155430715,93.76670366835194,73.45459953125038,XL
39.96141134830413,86.85397171149029,38.08868080298252,89.16532458468855,70.15058973858153,L
38.438961126126614,77.07978583815266,33.69622495929194,84.44606446053496,65.03196341266843,S
41.246935622884386,76.55532480131752,34.3230811059891,85.26115481042422,66.57985173919172,M
45.74689372266109,96.33218127687329,39.5704646418639,96.20954908886465,76.31334861928008,XXL
44.95973520928464,91.63754647386139,40.326374624672184,96.5577095547769,78.17109905784268,XXL
40.16973323052027,80.1500288643355,35.29304458899112,85.45719796121242,67.5640856838496,M
37.461940543920456,75.75517799210195,33.30417243882101,78.31297772779065,64.23254996178241,S
43.020664602071065,89.40903114380214,38.91259602130788,94.67144379756948,74.52878009193566,XL
37.85861235092683,80.87243541374819,36.62992745881043,88.77887450046141,64.52314046470093,M
37.49716766632437,73.48474834547693,33.40080508078709,81.24616237915791,65.25020470470608,S
39.9381180835398,85.09167876030153,36.25813751384946,87.73624343159425,70.85517803815814,L
47.355503960619174,98.09415493486473,40.30173555420189,96.75776993581619,81.13442158807203,XXL
46.23262778923793,92.61606770412982,40.128094361485516,96.92951097221085,76.7465122811822,XXL
42.209918210969214,86.31740579382287,37.905027865410794,87.75795979698641,71.59029492677477,L
38.53110773127313,76.9653168714878,34.864144747536486,81.05774390797603,70.32962273503107,S
37.76548736808662,74.92400995302066,36.025555995686304,79.56227103505057,65.81016811905235,S
38.43286998860825,74.34124056089566,33.234873271526105,80.78151109257784,66.19259522682461,S
39.827579688703885,82.3388219217246,36.94021703239017,86.21109922909397,68.17307280766683,M
46.141825906139324,91.7668508680696,39.85498935603115,105.17190192873609,79.03517752253957,XXL
42.27906328510436,85.89923669913519,35.97824538653629,90.94160924135839,67.74086020765277,L
37.322135272637524,74.51023937184871,34.83876864226998,80.78330013997297,66.62192353958925,S
41.63555673902916,83.11269859761536,37.376758022643465,86.8404404016741,70.61457762813255,L
40.263454160952385,76.42169500161577,34.14074760726428,80.58075555301419,66.9106732428969,S
40.04553388026995,75.84270649423067,33.967204639120844,80.67724043449364,66.66191727112486,S
39.26955658776154,72.91074977232446,33.83814166144047,78.76294107323342,67.70439891126394,S
40.81714380544274,77.44532284691051,35.325384258584194,88.0339852603776,68.24960350222588,M
37.88237665296551,74.47993515476895,34.96720005720166,77.87727847608038,66.16510769943828,S
39.54256814834112,79.72766708052049,35.43872573063811,84.96892338103301,68.60459177398654,M
46.479592895125855,92.12637307089585,40.79781036527979,95.1859353984576,71.87800819805545,XL
46.14635145741811,95.45678006699437,40.71919204481067,100.75207548780996,78.03708360533633,XXL
40.7323001236035,77.727356483697,35.847744557688046,80.98744738709699,66.99882625860207,M
46.82018140701416,97.87039194316759,38.56311464900381,104.5935473978075,75.90078615197427,XXL
44.47922933686757,86.73288056057744,41.19026105709145,93.49108805367179,75.11456851241326,XL
38.78937824400676,76.44168776544579,33.94579458773509,76.24581911856302,66.53411162265651,S
36.77035462969059,69.29880636385579,35.80970029929463,81.08094202034313,64.31253487820626,S
44.60868192056346,91.97648291670124,38.91166974470939,96.88914105049199,70.76107091809922,XL
41.41264417877899,77.84313193935765,38.151495623824175,85.06943015794282,66.4852015625575,M
35.989880637853595,78.08035501941178,33.55130839603223,80.76248049178774,62.38037074501714,S
44.7517910521714,94.74970190154224,37.25146324477507,95.51684725863896,75.51570875165,XL
44.84424855605933,94.63231134212629,37.16361797604759,95.27093762808167,75.3185552309285,XL
43.794069715736796,89.96486135851009,37.7453975714958,95.17004092597637,74.80067717823628,XL
38.73422441722553,80.40459257808823,35.80690034650497,85.70556082225615,68.3435889591129,M
41.51327607958756,81.72794178321779,35.9886992526121,85.97936757742204,68.76213590762922,M
44.02408424251645,88.35565061285187,37.74039160507882,95.22598406647288,74.69163432317238,XL
44.961422120669,88.02858626992321,38.339633683324074,95.92495415885162,75.39011753323008,XL
42.433409506115204,80.99113807944833,37.73123677236988,89.41060841988619,71.02455539662617,L
42.828144121523096,90.0968207959004,38.06576893549698,95.18899722912836,72.26899809389502,XL
36.89996265214999,73.26734848422184,33.43535282615394,81.4134023856879,63.80955317279164,S
36.81028609621057,70.49453567325743,35.40373613643257,81.23995187897542,64.31573297723396,S
45.91281581786689,90.39048366787205,40.46562389767669,93.72005249864529,72.53285484739826,XL
46.838324843972686,96.89401394932241,41.85995562200145,98.35101103063997,77.49073118455054,XXL
40.1426553940889,83.44009056451564,37.20022350009011,86.34111897032733,69.76409630020692,M
41.2804881748135,85.70540097646342,37.92323280942126,94.1249084499067,68.73829896959188,L
40.58740725805774,82.360248884005,37.20041867649217,82.88725510018917,68.62554935997986,M
36.065832871034345,75.68675892944229,33.852374189197235,80.43378573861952,64.99407830280404,S
44.56622833737186,90.72122573971944,37.723406185509766,92.67419226305843,74.61462052318869,XL
43.02228964251125,84.95616502021784,36.86521601355646,89.27455025862389,67.9623012256698,L
43.92757592110735,90.35619587669302,39.11766833492185,97.90216621089678,70.4439945304031,XL
45.027467682661715,89.4402652864991,39.72338359280177,94.30920833340306,74.83488242022864,XL
45.1734196107831,94.56325288047013,40.2120886401781,100.92318282589194,76.6413602766845,XXL
38.319948716616246,86.77207443511615,37.160087332055134,90.98074279425522,71.72210351177849,L
46.26401980898498,92.24432842477223,40.55594831143769,95.37335709132186,71.40611092510355,XL
40.89790664886373,83.77511727598376,36.133507465569174,89.59256647782527,72.3708355216544,L
40.8761288400425,85.70289719061583,39.17300792730236,89.16787856937593,68.524256895941,L
45.09885706762707,96.76172911430928,39.428747845393026,97.87269180141915,75.51760556741078,XXL
45.47664850807497,89.04792520738253,37.934702913628186,92.8315404662178,73.53567415899175,XL
39.42655291835019,72.57790867427735,34.01284969252732,79.56225859595408,67.44063938085519,S
41.74139851545503,88.81295376963918,37.24533678661781,89.65864633014542,70.86525443290303,L
37.127762919675725,76.25950502218313,33.77057175413662,77.91595833876382,64.24871829541347,S
35.33249262718664,78.27161320164083,33.42441252097242,80.5362905635708,62.854602348623246,S
43.421511065443305,83.97851907296732,37.72117879838237,89.68867689445794,72.9339955872418,L
38.20472288788484,75.76467594917983,33.8208731758513,76.67760809160168,66.33004636418755,S
45.01121538269464,88.22158965751657,39.71862972621332,90.43946707278944,73.54884112403384,XL
40.608012687542235,83.88782647588178,38.08607811635656,89.50390926185189,71.68987592541487,L
35.87474634014922,78.2744365661954,33.74178229186579,80.635246455486,62.98968631772984,S
36.23163567556285,73.79443903077846,36.29212039861356,80.16311725968346,66.040752969517,S
42.86080939158354,87.90837521632508,38.51729742672027,95.20852245670797,76.34414111014564,XL
48.66041344039708,97.32649288944714,41.515936500153465,97.90481369978436,76.67814041500779,XXL
42.00487223458671,92.05974072672241,40.0501501506104,95.4197381573586,73.03117054068392,XL
37.742261826809354,75.19421772675902,35.372757675562774,77.01350102658846,66.38653914681274,S
46.5694433996667,92.18734738646073,40.243266610355164,104.58112663573365,79.41544596347903,XXL
36.8646724731071,74.45501070837832,34.84020953828275,82.18189475598545,67.46322534507476,S
39.05510697835734,72.45865117116142,34.602792340309186,78.68804045910451,66.55331118457646,S
45.700933347469,96.03631228129181,39.676790870713006,96.75210349964583,76.26894246808487,XXL
43.73271431297205,89.68775384322824,38.90877485290611,96.48259574346338,69.87380990134278,XL
41.477865627998,84.7125738916614,39.205570252930336,89.76575802331406,71.70907220477031,L
44.97870527389609,94.38521448810414,42.02741111406313,99.82948781371316,79.63769474540264,XXL
42.10189697815451,81.15145219224188,36.38103818415793,88.015408147618,68.8107660809916,M
39.56675401441807,77.94794424419658,35.336485169396724,85.38859504425913,68.48564532008423,M
37.49793204060821,74.07636110223821,34.49699745904729,80.25260117864384,65.36881946258414,S
45.09547814161441,96.759789620671,39.37806807914108,97.56540207315801,75.82581698031201,XXL
36.4197112952673,72.53854784771934,35.764482912002144,80.35342216067689,65.07542923616415,S
42.99513038395212,94.02756306104148,37.86533978161743,94.83662684229446,73.55823040101527,XL
45.48532187975245,96.43225306241331,41.18374825683649,97.8470663185797,77.02655431536647,XXL
44.741153188832286,87.17201313374095,39.43999333740849,97.60421851038684,73.5529667519411,XL
42.66222435309983,93.88896990043546,37.943350103144006,93.67504310646201,73.24034589620722,XL
41.76303423060134,93.02234267460855,40.377524353840315,90.96487238104912,71.14987292613002,XL
40.51160106201323,81.17942484194668,38.12891851291002,87.48436696324244,72.67298788440178,M
36.59916436355422,72.89920707230932,35.57096736027561,80.85942750774176,64.15198815174541,S
41.58892503074638,82.78809410419515,36.022408044559754,91.81714049019955,72.3490669351371,L
46.305977983570166,95.63958972203355,42.10582393416736,98.40800329483501,77.31304304019673,XXL
47.18253824804956,95.0293018402509,40.82579536197934,103.09095354862868,77.0348132958034,XXL
47.40561137072089,93.53714120128815,40.94974799450227,103.89102119688467,77.69285821640713,XXL
38.20308780602327,78.93494234422784,35.80728585075439,85.77881023534977,68.40607576027664,M
40.86551484019911,84.33783086339915,36.5978923608187,89.05478017753173,69.18912412129748,L
45.19061759884356,94.35257701168098,41.82278298237819,99.4241757464511,80.10048212424212,XXL
37.921341866051094,78.87714103472106,36.56526372012766,80.70390276434597,68.3800551833016,M
40.315061173705146,79.62537743049151,37.47498022670665,81.25956680366897,69.64077210731173,M
44.52196587467584,88.04438807054278,41.16195171186192,93.64368689686133,75.43047950141847,XL
41.94605359294586,82.4258411680718,35.85253227001542,84.15080132498932,68.15924113646187,M
38.400322750516054,74.92158370141344,34.26342092768855,82.98304125094482,63.77884533068587,S
45.7350583697334,94.01503772804104,40.00425367063249,100.93019047480674,75.45009280608873,XXL
40.45394047053326,76.63489991609957,37.58414645663401,82.69099300842997,67.82182234492277,M
36.090959515982625,73.69857985840677,36.33220628385685,81.6008923461085,66.46176135055856,S
40.28346163372015,79.41273105628233,35.626471439379145,85.58121585574573,66.79845081886151,M
37.5990200122997,78.54727400588011,34.17787273088724,78.60040044716563,62.28341988791971,S
46.56011589829225,94.18789445223041,41.30158659314948,102.63351643516167,76.29845630899922,XXL
40.612897294210505,83.863909252476,37.13489857413013,89.58396774282302,69.71765336138351,L
43.30484170441983,88.55667434327262,37.861138558469456,85.86457270142482,68.29634727086281,L
44.01825685407112,97.19041410100297,41.0333964044646,98.51003193195866,79.60881878866967,XXL
36.41878103711691,75.76438800167027,36.03867377704368,79.61615149470175,64.06822715320702,S
36.80771352821967,71.55744390261638,35.98308284060955,80.11518075984151,64.2916942525702,S
39.975778798888626,76.45062966984213,34.46932268284118,80.73191199482908,66.7170923976125,S
38.17342745805017,81.1299455691219,36.45161547080741,87.77189605411135,67.76345364141932,M
39.122392193597726,78.8629709165113,35.38907469853559,84.37974887756212,69.48843208889042,M
38.14789759104253,77.93600866373659,33.810629682594445,78.60881390141346,64.52869458303772,S
44.592127115795385,87.60991956801801,39.78829236528951,96.02025214477534,73.16566936473419,XL
35.068694388172105,76.08934908810447,34.78938381249484,82.17359149112316,64.13748003277263,S
44.64632677543596,90.62993352392148,37.74085041579287,92.1271941793459,74.5442749900632,XL
39.12399151807255,78.905954410655,35.6130930830351,84.03140019897232,68.92507976424744,M
40.481363678999124,80.82037717518331,35.34640844864026,83.18581461195896,68.1055489392504,M
39.856590380539174,82.00426474993714,38.56382525248991,86.92959500144558,73.05634884718167,M
44.89224062941255,88.40137764797537,39.2972553479878,99.92553841971535,74.97493302130098,XL
40.96899780328932,79.99109218010808,35.70832780994206,81.53314456011394,66.51995287421077,M
40.71579441098053,75.156120095389,35.072416835601516,78.61789547370914,65.15965777819288,S
43.02098778387902,89.73528652828284,38.74948343844085,94.95808074479032,75.12422637711207,XL
36.97445732682009,69.26975269212885,35.48724107898271,80.07692593375909,64.22188074515364,S
47.59364357206511,92.22671155538241,39.864131744578785,94.93802982093014,74.47858554920427,XL
40.79588038549239,83.78134933750847,36.3662672603738,88.14712951532569,71.28598861593166,L
42.88655124320264,84.16430064701247,37.11629684297491,91.8388792971566,70.202947278174,L
46.78081681564233,93.74693481200006,40.88682139968279,103.85835769774934,76.72832353108292,XXL
45.01429169504106,84.95927791948469,36.66059485453208,92.45901563835841,72.48491850049092,L
36.96981681919193,74.93491461928762,35.2964529156601,79.02530414641468,63.80298339306794,S
47.34259786102137,94.71344580916576,40.344371008857536,97.25231701323617,79.61705254951849,XXL
44.15864578125253,88.34762118359733,41.389171770958846,93.98983172241441,75.15757393323396,XL
39.955811552403176,81.24334406821478,38.29430439286817,87.5063587595154,72.89176302361419,M
43.55041559503123,88.91437233370846,38.609249722826,97.39878331074844,72.31217461982835,XL
39.68817552373801,75.67380685056109,33.90465032912788,80.39848185442763,64.15520188058159,S
42.41537473324086,80.40748763640414,36.216687893510574,89.07758904773107,67.22218860026668,M
43.89534454072209,88.65742824033762,39.80222766255565,95.36881895436227,72.82238260273431,XL
39.830279926435395,85.05034870715714,36.478861301118926,91.94744753745434,71.6659601757027,L
44.65313825372509,89.32611335288254,39.815974159031,95.3834050988516,75.29045695958838,XL
40.15048508882371,79.74270245415767,35.131103729667146,84.25479035182775,66.8646997782931,M
36.81236931278613,74.97370790336922,36.19832917607728,79.59194520770673,64.28630071752896,S
38.9535905598028,76.35517129562959,33.606427203818825,80.03737814155939,65.57405899538402,S
37.812802795434585,81.48492287853855,36.66198538293478,87.3322635293837,64.86797155562019,M
45.57772000071174,96.1943136672634,41.82400500652931,98.51073523776455,76.90434877302232,XXL
42.30257214773607,81.65462240164375,37.70396568878172,89.48695559314703,71.0545678699161,L
47.51264348082572,95.98384160846611,37.048420220186614,95.45730262873042,76.66166903331867,XXL
38.2580804120115,78.14478517518714,34.12047418359007,77.46536831097579,65.67303538375668,S
40.167905141661876,79.8192645855428,35.441703174344,84.90002135914179,66.77044689032373,M
39.068910594025915,72.45080318326306,34.05950862965853,80.57429225590056,68.39120787799422,S
44.29160272772924,90.02352185531866,38.649544289560396,98.36329474121673,71.51194223318755,XL
39.20413248512672,78.2211759274409,35.598731403205456,84.78235824772693,70.12269841417218,M
45.14533274499091,94.95533633454812,37.040785441166214,95.31971154431308,75.23544875741248,XL
44.000438523189274,90.090819662094,38.58619692436451,98.2611054474324,71.74742267105567,XL
41.32398725302217,81.11784747055745,35.99686507322293,85.00386050398271,69.00807455075477,M
37.68474131389706,81.88075512609797,36.7897192133083,89.49502930084114,64.08520639709266,M
38.41573670826141,78.95017810499036,36.63473055993013,85.81507846498059,71.51922469508192,M
44.2846603235976,92.39133525445028,39.19073187294935,96.18253983554553,73.75646909440005,XL
42.27104058399244,84.12742629185642,37.13552520323568,91.09066362970252,70.16823353676969,L
39.519689708495136,80.27693509804133,36.70452750798598,88.19767147631141,70.92928181903012,L
38.45471918440537,78.57688147459413,35.770396001839615,84.98126989013252,66.2421168914209,M
40.98231771088931,87.33860031148983,39.76947482792215,88.74298727706443,70.9766006319425,L
42.41098210004995,89.05104998738823,40.01796771577847,94.87434279414036,74.0262858078898,XL
42.50155657099906,84.98967889821968,38.277187317731375,88.92766702902729,71.35209241843131,L
42.96291161825694,85.68463034231314,35.411482951299135,91.23252162520899,71.37687836312415,L
37.843263580847385,79.14187210950246,36.09689009390595,86.17442563533113,69.67244798748771,M
36.61812924045513,77.3395342500592,35.10154903786568,80.53778879136904,66.11020485684747,S
45.03935646536316,93.29992591864904,42.294870326420785,102.9930549645292,75.86146180499938,XXL
40.30152085507545,90.18038097323392,36.990444823946795,90.38224284875281,68.31887765233351,L
40.337830438526645,83.19406528991733,38.13710479424187,92.97840597739304,71.2263666580724,L
38.16734674172091,78.23567054989621,33.83847389707208,77.12324235836725,64.86915126863907,S
35.21916065087303,81.54041728850379,36.079460124458606,81.05122334700576,67.0948175123183,M
46.36787019383893,93.96006827382497,38.80878287344928,101.86178727594886,76.81008471515769,XXL
43.44420903491382,92.23468218383222,37.926356671988344,93.02178237059267,73.45300486345745,XL
42.81777645729917,85.55172153484675,38.136943917286104,88.82647969290657,70.62825993674213,L
37.82171022394949,72.51197009164115,33.34490755059343,81.03951054385726,65.65389963398016,S
39.3759118194993,81.29230061947139,36.76239367115101,88.02844657943213,71.23910067288124,L
48.207698927644,88.96732493486815,38.20403988276433,95.14752769830467,75.76444782916464,XL
44.39689868294005,85.42111455270532,36.05175111234449,90.60549397789298,71.45107537908834,L
47.064196982745266,96.01604895399537,40.68377959284835,102.1862511907437,79.73472855300203,XXL
40.40901215954133,82.93041869106352,36.96194439508183,82.9909813186684,68.98664721578031,M
46.3109979081012,94.93359053459707,40.76650816917898,100.61236001239163,75.134969282882,XXL
40.14229715405765,83.63352620753187,38.9265844644022,92.06748788811429,68.9266950910611,L
41.21254025134663,78.57739892559684,36.26714475748197,83.36838525566853,66.44313190345387,M
42.981906743675154,84.75690065207974,38.308478311211836,94.39503935406907,70.97919960205023,L
42.364846642839474,80.11437309993052,36.26122315073597,88.67707679148035,67.77158749306396,M
36.9351512807507,74.52778447128404,33.12642354765121,77.69025630271294,66.09055677062722,S
37.355899455215976,74.5897938472676,35.16420086665888,81.36486587326097,66.47501610358258,S
45.73567120457521,95.69710258547904,39.369861732821725,96.8251984288641,75.75157164762385,XXL
45.017254653613534,88.69470954444044,39.19492213233157,99.62617865618506,74.93027222387009,XL
45.71439466286725,89.64462973152446,39.62382053451909,96.76179400906419,76.12487838296916,XL
42.52116001674002,83.92460854315121,37.11692187674872,91.92307757707879,70.0111231525049,L
43.57142007505371,83.95327505649041,37.62858385255818,92.13546810925811,71.02373837332068,L
40.35206334386695,81.36279097643241,38.03869544945981,93.55324603709497,71.4305711245881,L
44.728479595011876,89.87601254038307,39.44930250572822,91.94639885644783,74.51183629080411,XL
46.13181165340426,92.00965153088403,40.68216607621969,94.56477833295342,72.10826831863324,XL
44.26811849464252,88.90712393961219,39.074677293445504,96.22225491594455,74.30951120461515,XL
41.34163547120267,74.92857641745769,34.45364233332703,86.04208049699984,66.12965120953149,M
38.09874762454242,77.52107762423933,34.83344434645473,79.53569459188967,62.526202890350284,S
45.66461036545931,90.38830644900332,40.538938896643444,93.7843643235092,72.22859558333896,XL
48.63346275998343,95.9817092141204,40.768995341132204,102.58504744588049,79.671618795704,XXL
44.53457087032579,89.23759464619584,37.084293848354775,95.68192620361674,75.96424471742664,XL
44.78609223413036,84.6971547596998,36.34074589666118,92.05193282454474,72.7063795497762,L
43.2702061794806,89.89916065182845,39.39977892493306,93.47441269874646,73.85404276260427,XL
42.06001340122037,84.10726774958418,37.217801511537964,91.98870770496455,69.83904592772608,L
42.54706508549437,90.58642735947682,38.050925849510975,95.57809292767155,72.63072123137172,XL
47.0296504344988,95.06497941188167,38.899643735625226,99.57603045586455,77.27278966042846,XXL
41.038594738326715,79.76264921637261,37.52403726456237,82.24936387624291,70.25278440507988,M
43.64176159207077,88.94067706123062,39.16999224464223,94.52056785309834,75.03872317417172,XL
45.102543579051144,87.88131677664464,38.37206364453897,97.00204967256391,75.86295706037701,XL
35.732411912437605,74.30531391225747,35.75287580255603,78.01139204217962,63.81652055059446,S
37.84312344230406,73.24737513143793,33.17959449233251,80.88431896932636,65.75556299180212,S
43.20828713647318,82.45788204036167,35.401135852425966,87.29776821811409,66.90381251828673,M
47.80787389630015,92.60082995829904,40.290742102523026,96.26318695275565,74.1640106593165,XL
38.60463953891147,81.2871102136252,34.772643087750545,81.01920824160732,68.23956328769204,M
39.9265242275435,80.54666721115055,38.66115730203714,86.7937804461882,72.4392129180654,M
39.32313237177377,80.44486789738794,35.12953138650199,87.10370454265872,66.47611217534434,M
41.86210196816054,80.17621695908832,36.380478047347985,88.80233428602757,67.69013248092658,M
36.180776995066516,73.16265084836029,35.53721159507879,78.28251072543276,63.85242770753617,S
39.94080092947356,76.21526638590878,33.62212724922837,79.84613139126662,64.21124189177073,S
41.06039411131061,79.39728640674569,37.56392639807184,83.39434006591377,69.14953458336005,M
44.331069977059315,97.07991301068975,40.95055871860758,98.34877710838596,79.07651272091567,XXL
40.356582476363045,77.38134592551872,37.56023616875684,83.01463122308306,67.9726750707399,M
37.43825619832687,74.58892067304087,34.43586241468263,80.204466358063,65.02604502930093,S
45.45933825399746,87.94250585152211,37.91217726116449,94.47330259063294,73.11290364921814,XL
37.19837410241977,75.1246604732747,33.36594979889362,81.10151688742813,64.030885047504,S
40.67641346185173,77.17520051988399,35.209553537769224,87.4235745109256,67.86745476872748,M
36.950230603797586,71.97333695532221,36.00506547359868,81.0005444749437,64.06376903378433,S
46.437735187113645,90.49324682200326,39.76184871592711,103.18398851584801,76.22412476429122,XXL
40.878202605572255,80.17081907447482,35.169201712683794,85.81926701163202,65.97300221342061,M
45.68334086706737,88.94713673222424,39.854635624782674,97.02731810926697,75.41654408839598,XL
38.4111503627382,78.8562437173634,35.564275412584436,87.07197899278317,68.43089855310764,M
46.59150113690295,92.7755757063211,38.79161420184943,100.01695013888924,77.11174613882392,XXL
43.67949804741088,90.53205276825315,38.784831251603634,96.75576970303295,73.24666411375071,XL
40.39450722178906,83.48053222128597,36.35309197446639,88.93540642378338,71.7446324955036,L
45.2758090643096,90.7382175155538,40.57153051301195,93.89991790216065,71.6619263957536,XL
43.204479497665,89.01064143759899,38.91045801927113,96.00815410003631,70.66120311554084,XL
37.04133056900019,74.68238194677207,35.09780053232076,81.11388920639696,66.60813842835358,S
35.821391777165125,78.04519238040515,33.64513621488052,80.42139839457502,61.9898664430599,S
37.71044568386974,78.04461591972776,35.84900200419275,86.58032958824894,68.81637129231804,M
40.79566572504022,83.23464323297723,38.28971264150384,89.1066345874391,71.35581258179644,L
42.26151797328604,77.80463319391161,37.75957820701074,84.17531917312708,65.28037688841052,M
42.482471620008425,88.56297703174084,38.0564126584325,85.54013803081969,67.86108883371749,L
41.665832579982805,83.1597166401296,37.136834877530845,87.15820567232944,69.64779584054429,L
45.175590027046006,95.87556200456744,39.799812849133,99.93204588760835,75.33059869875237,XXL
39.58174420806581,83.16425273607918,37.13658619844392,83.58727558853687,68.91016824342486,M
41.61994027688225,90.1114995514768,39.862205582478495,94.83780265807374,73.68013156038415,XL
43.58610667300434,88.66756227134542,39.731242442396955,95.09759374714581,72.73955039997193,XL
45.07905436870229,88.7967137977253,39.77389810417429,91.84108367791393,73.88659216257652,XL
38.64621116448108,75.94665771153758,35.4030797838751,80.19134581862464,67.07776028727189,S
44.560581900109945,97.27645479436296,40.03874878789091,98.29851157383101,80.13935030233324,XXL
46.717021015449326,93.5807291834223,38.88931389091182,102.05544668163607,77.07446961851848,XXL
36.52703299857243,74.31164860159666,33.95382077368522,79.97800380547082,65.41402603652978,S
48.61125159183872,96.89862445641886,41.668307630662646,99.54243540580319,77.06840991133691,XXL
37.22710011017109,74.91877590772422,34.77273703968433,79.79213453594471,63.8355949737669,S
37.969056960742854,78.46651671258829,36.66674400786849,81.64389036291598,67.77608621739279,M
39.31811929558796,74.78705480318274,35.089547694483734,81.21849472097401,65.58095574113017,S
37.05491078917004,75.9455077597118,35.826622373337266,78.64207614406327,64.52390911678454,S
46.09638316704265,92.9888086290144,40.22471924731208,104.6120252662917,78.15945219270131,XXL
36.186764037673186,74.53300212652861,35.01829902440128,80.97973842127607,63.81894626598997,S
48.451019430964834,96.52350771909178,41.32232474230805,100.34899401363508,77.25374980558071,XXL
38.38438251675535,76.92973183097197,37.36179638516807,80.94768537035954,66.62118344431471,S
45.55138538605426,93.11281506438334,39.97362022594163,100.8783889243371,75.6465539537237,XXL
45.025621435166684,89.1075701059584,39.02854159016594,99.08395208394366,74.58896179233157,XL
44.81741433003436,89.98522275146355,39.68133118742072,94.803538298746,75.0522383237092,XL
48.243312090588994,93.09818345058233,40.107656211913465,95.83025540386319,74.67230847124257,XL
39.85662430342503,75.85284611734212,33.52330648759271,81.18367831865595,63.75628297777217,S
44.862407708377305,88.45822487558411,39.91458884647336,95.46233112815031,74.89420459504653,XL
46.76067184270168,91.00360241830104,39.16722453924366,95.74775751970009,76.21637679109321,XL
36.79287852142352,73.08353337622417,35.65048552725729,80.70522626989018,64.67637395477209,S
41.989958566427326,78.36913106964809,37.938525610180584,84.82619830033887,65.79136783039006,M
46.78854213485038,95.68606206162694,41.250116201951045,101.0919633823978,75.10343564724914,XXL
47.28165225614154,94.81050932090565,38.90715746127315,99.6143197119715,76.80952884267165,XXL
46.35812513719528,95.89204387381807,39.867877783991794,100.65041130260698,75.23502740685258,XXL
42.7010244959425,89.14905920735002,39.90023777114956,93.5984992810932,74.1377415274559,XL
42.7385633759281,93.08729697118794,38.002053394785456,93.60049122154857,73.02903476717445,XL
41.76034808629543,78.11677681319706,37.99367022185518,84.45654905285356,65.40721246865245,M
43.956614395025206,84.7892449591519,38.070371452120234,93.46884210868836,69.86437424651949,L
45.41539258383857,93.45561157715217,39.82860008079018,101.85490995973133,75.95951876261829,XXL
39.580759985009045,84.21758131967913,38.70812100579021,87.13453976848979,68.94865652494471,L
37.269946938755254,73.49391300764452,33.190563530481704,78.41490810932137,66.14464797598393,S
43.664017163706646,95.54889827090231,38.56351753093249,99.1319313143632,75.95092562344225,XXL
46.16930611642351,95.35768615995003,40.34494426690495,101.62009032262527,77.58330134774701,XXL
39.09890269924953,80.94746781603486,36.85507969831823,85.01646527733071,69.89967016400216,M
44.19238600675586,87.44996606272603,41.11734814893455,93.57701223638747,75.16081972076451,XL
41.55409783816316,87.35742451697493,37.15155920222771,89.39462947128048,71.78713280247577,L
39.624174118108655,82.59553205376059,36.63002984318815,84.76477957305755,67.85578075521931,M
41.69198683072543,87.34967431563113,37.32536958967635,92.79196132211993,71.31020895285658,L
42.876718966793895,87.14404986929598,38.27511053866859,94.6826206864466,76.41554530389102,XL
42.76222858542572,82.91620346931485,37.420737367051046,89.67005630624027,72.20137804658773,L
45.18928990464124,93.3892979830131,38.90499876415495,92.63700624410706,76.29548068959483,XL
39.61930643528129,82.72620718032874,36.952391066450886,85.35378703757826,67.72562791213484,M
45.009630358425,94.67526077441444,41.12152935682201,96.62328131083694,76.98236864328683,XXL
48.71666917799848,93.95381029154392,39.99710148996197,103.15173162482793,76.5942805274143,XXL
46.88324420286709,98.4792954366314,40.07498361023482,96.38702946815208,80.1513225740279,XXL
42.803342411551526,92.99285940080226,37.954355889427916,92.71049510382856,73.1599930771713,XL
46.33271098022978,93.00652364747806,40.23317094135207,104.39953162773911,78.45441189961284,XXL
43.414125535502954,89.09189789514977,38.667344896559314,95.49807132910462,69.99593161325254,XL
40.498111148619,79.70248852263875,37.36408729640011,81.6323043079695,69.96847094299599,M
37.59096326670807,80.10340207588985,36.106588606264566,84.36011701035598,66.96590945125912,M
41.41829349051971,78.15180044177843,37.581366019856425,83.57728627735176,69.4608916955829,M
38.98908164594056,80.09152516684343,34.948347080410876,79.94759786374402,68.5100019091252,M
45.70563388770695,95.05663331064792,40.37987149116433,100.77137077874346,77.64744356646807,XXL
42.22694439996496,86.00176918980358,35.69818795668523,90.28707005391287,67.60641800033655,L
41.549823629538494,76.80622617103383,34.32606255025754,85.29757287596716,66.56528901936973,M
37.93285351205989,73.17477328334917,33.375326183776345,81.10472801016259,66.0935934482409,S
47.86778635645318,96.26997896978332,38.99478568181728,102.42521097795232,74.69808269739768,XXL
43.16251468766329,81.79561938920381,37.24534777821175,84.9492543633794,66.62421637784784,M
46.69897240059872,94.72323687630187,41.38095910300159,102.42796832867339,77.04229571002385,XXL
41.83134302358747,87.36135197435364,38.17119558617082,99.13426480852,74.66750278205001,XL
41.41962129837304,79.0684883844702,37.86856365507271,84.07222453712325,66.19088328718144,M
39.462340636972726,80.66630902752232,36.321591924682586,86.75066409552474,67.47246195688943,M
38.77715243810417,78.52200408220106,38.3592167771555,86.17663072192386,71.07336361139687,M
34.76895224560434,76.07925989312902,34.751540614282,80.25984394959242,65.18924501679523,S
44.425964389978205,88.80733214534911,37.03228810238661,95.43562618348163,75.40790350268443,XL
48.21644219866098,96.02403529076103,38.96593062897484,102.76916916836677,74.72049370300304,XXL
36.11167624235218,73.1111476905476,35.59214739677473,79.90418175309091,64.20713146885522,S
39.31787403046691,82.0133339652803,35.37322230455688,81.1624552635483,70.32652332141036,M
40.898722386254406,87.08445054767088,39.81659814436109,87.63191478891123,70.87455021615789,L
39.43742262650194,80.98565397697794,36.2951192415724,87.94085741144124,67.12204047887828,M
38.09942880911282,80.22037776455831,36.25376330669956,83.81967304496878,68.09920707719672,M
39.52155827988807,85.48902422075184,36.5876829936765,88.60661860810659,70.39581695976996,L
40.38733248269957,76.80896802472935,34.1166578425067,80.32335490763258,66.60614609587182,S
45.6595657441031,93.04248567139895,42.13417204475731,103.17018185675538,76.41990890555608,XXL
44.125404323317426,88.56907106155981,37.16180814524816,95.07021128047684,76.28629844244831,XL
39.454995348026145,84.85766782544438,39.193568864605936,87.62280900726651,69.22175089070319,L
35.686660749917344,73.09105574437706,35.81105189617921,78.32990070273617,65.05727899042802,S
38.07713311014332,74.0124733521615,34.46247026479017,80.5272390774077,65.6228271834196,S
40.3972360990582,82.64788939167384,37.96020424702759,92.65646941517983,71.52711620640738,L
45.334758719588265,94.22877888201992,40.069534572115074,99.65820990089206,76.69762244979076,XXL
42.97643136918233,90.83044447296251,39.58820817035831,93.64036835403994,73.71665978405892,XL
45.004652277252625,88.13608378094969,39.00558238544035,99.60853323588414,74.50550834330768,XL
40.815786927070775,75.29774802041014,35.07784730724562,78.27009252400207,65.4222616171631,S
45.25650341366059,90.98917353094126,37.37629382096855,92.28860505171532,74.75204491806804,XL
42.275274168458445,85.92508233527148,35.63356443277753,89.96360298821465,67.7701383724567,L
43.82891880468348,91.1001789034398,38.237482142523604,101.30785481232513,76.16854062257929,XXL
44.768256233516645,90.98568479190673,37.743488308341206,91.8824260134657,74.61435768065517,XL
38.12507988086758,77.67692966004529,33.82048798508685,77.41724344929209,64.4488426669587,S
43.144277258812444,81.65103258588837,37.26462015226961,85.5760872747334,67.14361114184798,M
44.33366125223649,86.44118522473951,35.928373146711785,90.97344306239874,71.73229635848709,L
47.78397202856566,97.60229556444712,39.523747558121414,94.19954581105199,74.78943834613443,XXL
43.40707787404995,94.19586466263132,40.27766288202264,102.55460847427084,75.14078196316082,XXL
43.772284700388,88.06652834173454,39.97474138482261,95.01255503268037,72.89159595616566,XL
42.72506618639583,85.27027844194762,37.240796884709304,87.2522546637857,70.50614339561969,L
35.87334602555635,74.17521948193253,35.78597448215423,79.0197665486388,63.98900993239382,S
39.29197735218619,84.4792635392211,38.81048862066369,87.87801321826149,69.45299300243191,L
42.766830809708964,84.67693986731732,37.040233612810546,92.50893922520991,69.79956864378892,L
44.3240460887107,86.26140764679255,41.191859879992556,93.85715675465117,75.22341244008288,XL
41.35031869679618,80.65018878831852,36.037622378534195,85.42795799854892,68.76610783035377,M
40.53584778482257,87.50037159129616,38.40430952959404,93.07568796764357,70.09399389189923,L
48.00030549123361,94.64107195018809,39.323220929241565,99.81734160306065,75.76052836103582,XXL
39.169596524058754,85.58771396379655,36.70218826531065,92.1570396124138,71.50785373726944,L
40.44141816634034,75.21431793831852,35.21760845920103,78.49707283407427,65.10619181775823,S
36.722588782477814,74.28611931865022,34.94244892706673,82.06367359276419,63.76618604708867,S
41.88579974051089,89.97755119829105,37.31276396880868,88.90745864156504,70.8440528989976,L
36.560746757489675,76.05134728871496,33.65157913244613,79.87130374026033,65.73424576616186,S
38.19365362677241,79.48834798918682,35.60296437856851,86.02190829067472,68.24025539872828,M
41.680773472092014,89.93628559071198,39.55356042934118,93.77105019787396,74.06614959394886,XL
35.82457014073398,74.5187311669255,35.220971025859896,80.63605043318822,62.85077575475293,S
47.66196149653746,96.42957602728079,39.47317829312048,101.47766991050287,74.97444737489984,XXL
40.25248988208469,83.82026055066726,36.10889251932984,89.3816568145996,73.82869139152739,L
45.728957060745515,94.13667387339967,39.772006007940405,100.9279755373389,75.89943346214991,XXL
45.61786219790726,96.44556502860296,39.8513641280647,101.32638133350494,77.6118787070536,XXL
44.41396006041658,89.06946349108591,37.083539796184155,96.14186075516888,76.19888060417534,XL
38.77501364085093,77.11937641849397,34.86715195802576,81.13021418318785,70.8508841453371,S
37.8843033529962,77.65861992694927,33.95675838457956,78.17535500195176,62.529869981739836,S
37.51950585821849,79.38445162208977,36.28587589749239,85.00909949163609,69.30615424319039,M
43.21405713585266,89.19184998636715,38.90566399657328,94.96078241948425,75.10840455336925,XL
43.940540196898404,88.23782758665216,37.73940946562019,95.15120077748087,74.81219681529211,XL
43.67891898992903,89.64517428746178,37.727713489650654,95.91243858581691,74.62874434287156,XL
44.74630146605801,95.13017750106513,38.79333946801138,94.03618814805915,75.00632909368139,XL
37.63336610010744,73.9547807048876,33.27082913767497,80.83849292977969,66.14147916990802,S
41.133837489763835,79.2280937998966,37.16907606691507,82.82230242903641,66.13975237789244,M
47.43791503486505,95.27960004244075,40.4925769237338,97.75823918734686,79.35874596634882,XXL
40.909721706741955,87.66284126697566,38.760030739017665,92.608263325574,69.97541126876303,L
40.05190114334307,84.08725536546685,38.91879163083919,92.34085578284854,69.13874522934594,L
36.93840342261566,75.67386817502229,35.04407097226581,82.04132600459351,63.694495945441396,S
41.17047997476806,82.81264972779432,36.54420974746756,90.21061432463961,68.95227359929623,L
43.56287368702302,89.80975624415062,39.10924575949432,95.68359004832462,73.20100090372296,XL
43.91962508913567,93.87940792327018,39.95114989262062,103.25589441425525,75.23854070909655,XXL
45.00065913217983,90.50928189865473,39.803151201100945,95.89111955991459,74.90503798890994,XL
38.56480159969195,86.57963453561133,36.98022039208714,91.0203152651689,71.98516396552775,L
37.74390103674496,76.43522029797928,37.39811840482668,80.5938109683195,67.15461672575475,S
47.545700291712876,97.0935971507912,39.65495853383161,97.7679051113856,76.04498135952996,XXL
40.98124846520829,87.04438137203658,39.80604621502365,88.19776804896092,70.68809931948178,L
45.81081756358613,94.74950734096858,40.47373451063575,100.10675176170017,77.82931898069782,XXL
35.233557654744864,75.33709440605655,34.69607753737988,79.71981331344,64.49948390285822,S
42.804819860739435,92.933134831265,37.730084892578745,92.70421253290172,72.68376540855672,XL
45.33129204068712,88.49778449368239,39.68260617505357,98.31235531380099,75.71805995820858,XL
39.812086063861216,87.87067464805911,38.29773048770117,88.97932354223352,69.79545625675011,L
44.344283213256624,88.93843513585507,37.637111523015136,95.18947727861773,74.82701810499013,XL
42.570009854748875,90.5196699889371,40.06724346911811,99.49266571710604,72.55720773146975,XL
38.39346430516508,77.35651155877086,36.3034838750382,82.77279111413345,64.823846420777,S
36.301149825094484,74.15486447357175,35.92656572979837,77.60929664904458,65.18199206284308,S
44.41115980776751,97.52482312318548,39.91546155203129,97.30146570247746,80.73108070608805,XXL
37.23482871191536,74.36898216379548,35.0493652498887,82.19945588033696,66.70768873460564,S
46.11606835189769,94.80284040886555,40.529604420431376,102.37241730518807,78.00776099884459,XXL
44.83718691134773,83.73280924185563,36.287050787650514,92.80005426460079,72.56254567423582,L
40.132612979908444,76.05676717996583,34.543715394956145,80.92859782363979,66.52947777604638,S
40.42737921835959,73.11117375290677,36.945103362488744,83.19530557977018,65.52930628177074,S
45.18684793892076,95.65970937422453,39.63169636786389,97.78681518137165,77.20759767257321,XXL
40.70599758183161,77.89592226482783,37.4264619956129,81.51093403837962,70.62679585666112,M
39.39410531126905,80.47106909754464,36.39382880457013,87.10602364927847,67.4433345024636,M
38.91173772594587,80.58249743843552,35.567717505142014,86.1368754366603,68.64617326521056,M
45.147884345495754,94.66566134924715,38.657324892397114,93.18049367708979,75.88750672660363,XL
35.2479082546512,82.05612088243709,35.93377570519328,82.04537888137882,66.82512936487745,M
47.962827441020835,90.30907962640795,38.08635999332606,95.24520650274425,75.49267435347322,XL
41.269819457215085,78.70799586570111,37.92409306334575,83.58739090570693,69.06034184516601,M
38.622493540908174,78.83984402383551,35.83628757851146,84.85494776573174,69.49504317622304,M
48.4263972463374,97.05842354815601,41.58003497093658,97.75915946735806,76.96559481300186,XXL
43.43115425846951,80.71959817320926,35.321583989521045,88.07086834600963,66.69663202219131,M
37.519577948226015,78.27108051893674,33.87549345650949,77.24856371702893,65.62130424257958,S
37.378207334774906,72.84282673006439,32.987241766634035,78.15033056620243,65.48401721369999,S
46.94536088756592,93.30000771432937,38.77034550242936,101.75971528191823,77.96783208842898,XXL
46.68924031946431,94.19168681757084,38.667301919629196,100.9371937506722,76.75864819788379,XXL
47.77929309153875,95.6639131088666,40.54690661827908,98.33352035206643,75.71923081408164,XXL
37.81167672731171,77.52493814663372,34.76036853083428,79.729877341539,63.07557732215155,S
44.603206396254144,92.11335551362667,40.18366020784157,96.50690204695692,77.62319146992684,XXL
43.426292598978215,81.69976249725845,35.398203912549505,88.53050699226809,65.96445821052646,M
45.17430990670174,90.26502210517944,39.99692257995535,94.76915732409927,75.02940143185245,XL
40.703855919326,77.35261559645741,37.37387386779257,84.47752435682848,67.83140292077412,M
41.530603371328844,78.56479736335207,37.70699349340411,82.83279886997406,69.09652595420785,M
42.05914629292683,90.83727669712012,39.677407166143276,95.9490303455088,72.92735250269205,XL
44.62637212316783,88.30131878897004,39.62278113611386,91.77669207034344,74.38391654232787,XL
42.25816040648301,86.07073781810193,35.76295138502344,90.06310825375874,67.65682931230052,L
38.32698078511272,74.68096068113441,35.564186346803645,80.61990106930425,67.59646050728738,S
45.5670906932547,88.96992234729805,39.731377379172166,97.37839299086018,76.25373052160053,XL
43.6627572838,89.90918929694992,38.526171499499455,101.64166613348036,76.02160095149958,XXL
39.43756749941766,80.77658111890271,36.26897585758716,86.98514091167993,67.32106102738464,M
43.96892642611764,97.41528473637176,41.04876737604832,98.61669869236268,79.63309182768366,XXL
41.304724184106405,83.67690957017875,39.1990188072241,89.96377300058063,71.35264082730473,L
40.90039545288788,83.67294792891107,37.251552355178234,88.8514978285357,69.97577194616377,L
41.444940834015874,77.49512300142769,35.83315242961201,80.81641852928033,66.64728280388783,M
37.26225051072291,76.39565396180203,35.54500064117792,78.2418592049954,63.735439936137624,S
46.88666139225549,93.07764391697275,40.467066092706524,95.407369301989,71.47388132132303,XL
35.99110792415492,73.59141754083717,36.45940625665288,82.34847078446262,65.75960943499399,S
44.77991928303593,93.7351280596335,38.70391520764225,94.4633535166816,74.38561060827712,XL
41.325977746194624,85.56438082128831,36.25669129388192,87.8858510792416,72.42039489386569,L
37.83233772286774,78.26562506900015,36.77787239007542,82.5516445780105,67.69132357501195,M
42.23670603255322,89.62397430485137,39.94824812068738,95.04269341267862,73.82328220107973,XL
40.27244413693923,84.43701897512186,38.22343447119328,88.72055169396008,71.40070943012444,L
45.6117738217087,95.25204910579325,41.11977766221968,96.75917297882917,76.33879745256286,XXL
44.30423066651751,88.93797458473719,38.735962049436026,96.46103309324573,74.9372900085433,XL
45.93876554197325,95.35965242733313,39.83913275904524,100.57555638923978,75.25637273652026,XXL
49.129252717588585,97.0629191147189,40.82128938346735,97.043054161794,76.07479413434179,XXL
39.71055330762218,84.31786474568203,39.2156730243129,87.30373618172429,69.47853524443043,L
45.90049329973626,87.80621092662449,39.47850078776969,96.93874455632235,76.38314475974245,XL
40.898255072693274,83.73118177705986,36.487071193283185,90.30093540714398,68.86972264696311,L
47.59559809377389,93.75361321244563,40.62648066868987,98.1586977581119,79.48130708070492,XXL
44.9259803500025,84.70457606402891,36.43321094287346,92.97826912440031,72.73653280649005,L
43.00235454856246,92.65214204001745,38.03276155153378,95.79576089783971,75.26635031430999,XL
44.816451675606196,84.16473396048875,36.54700649641323,92.80852965434815,72.40034572797704,L
40.321674760215586,90.08923645972104,36.78411352063363,90.61203476782954,68.07571310027254,L
41.909162730679384,87.87529989878648,37.96631903206673,99.30664412074368,74.94314355013677,XL
40.61689188723671,79.94813133995447,35.69679949035243,84.0770894813298,67.72507433557001,M
39.89852223970388,81.04313499135526,38.27023951212791,87.88817902646429,72.30015686054111,M
40.86413402183291,81.01369466030266,37.98338933036149,81.7412727778723,66.31456922619424,M
42.889965827201266,81.32813688302049,37.19242084525824,84.87185470076429,66.5312672220241,M
43.27945685439333,85.4090384098305,38.1925066328911,93.53774793620859,70.76049418704784,L
35.17034771942716,75.40685660995152,34.73957217376243,79.51086233923544,64.95695778823867,S
39.70047744895493,82.40120139104333,35.31425877343876,81.91755573730545,69.98117695815127,M
43.12929919684342,86.45321914806887,36.277804749330805,90.920080705626,73.59762487108522,L
43.12629777775721,81.87459975785465,35.496651629833,87.8592666218205,66.72268697052284,M
40.676084475396394,83.96702540904356,38.006891453168095,92.47620459987986,71.04334643634753,L
39.24980919560203,73.11527886238687,34.58470712112488,77.87588968458297,66.17121008578151,S
42.58684133037956,89.9130804175977,39.772239492799145,95.38739213390164,73.80374911910857,XL
40.39960693685156,83.80572107284578,39.08365887079815,92.27340835660426,69.61095392065934,L
45.27461506723941,92.19375716659346,40.381989590299845,96.77131450039244,78.18885737411912,XXL
39.07451347863195,80.45096084842929,35.48123935222604,81.63509470139154,69.77086627135093,M
42.08568153514084,79.90611409463291,34.030783816046885,83.95320030718365,65.81802196387822,M
39.20248043676373,79.86857454029152,36.86815287370168,85.30257299502885,70.18716261301576,M
44.50550463829502,88.93224522905766,39.91886263416148,95.05985774691639,75.36465459991311,XL
37.70965806412282,79.47144144348387,36.073938038552896,83.12733983590093,67.6692375347004,M
36.77342125186559,75.48680387758745,35.98273990202655,80.32025176475899,64.69087183522828,S
38.40057920573651,76.85237389513907,33.65492785531567,76.83464681737678,66.82972597428557,S
38.159303014325914,86.86532926776385,37.47210940868112,90.70811339516156,72.65680978765145,L
48.0176927183104,96.5775109683732,41.15112785520508,100.46183580291074,76.81837276994929,XXL
39.5604697517129,84.98104925858935,36.65108889004163,91.77409330900446,71.45130593175058,L
40.129742554664226,77.3661862430531,37.5684028426233,82.80822376764635,67.58566328623283,M
40.72879365401076,77.30233942704226,35.50440109130274,88.01262367631246,67.89719383709125,M
39.30789124979687,74.2478462941168,35.26573198528425,80.90299992151819,65.86616987069898,S
47.356195326684656,95.10778202162736,40.212494469573315,98.89025084912036,76.09802040449351,XXL
44.8344817749864,89.7273542795939,39.82657266219785,95.47965850570642,74.59293275645427,XL
40.1959693957607,81.10842638448312,38.36103604892335,87.11540040370859,72.56294659929173,M
43.06445153082911,92.21167842853542,37.99819701142829,95.66032499655441,73.3468568714195,XL
48.227474198283275,89.04653806825952,37.81852555036892,94.55657222684663,75.25671102415602,XL
48.329479574155506,96.76395053770408,41.348209170556764,98.51041205023093,76.84395769745605,XXL
43.17083363687805,83.01403635484479,35.40284499784718,88.91351522691365,67.39026355863899,M
38.96432756350604,80.33303499457864,35.70505313480141,86.06685925031104,68.51077068951687,M
44.18699535187889,89.70200002581541,37.01583009060464,95.9344633705262,75.71724908500393,XL
40.127256608793296,80.24004565394146,35.59818572204045,82.98940333020073,67.25955934480706,M
44.26368129309195,87.77188669241004,39.624912252417246,95.57901105239151,73.33718832778982,XL
46.78533136253705,96.02672423773718,40.68450016409701,100.72088188315821,75.07877929204092,XXL
40.751418214676654,78.9325283812169,38.071225551399266,82.63881024512509,66.58360210124816,M
45.01335412723611,89.11679996364698,38.346154837032216,97.30650038893138,74.35865218310134,XL
40.49302257337477,87.85924778562449,38.45699786944122,93.49026013583354,69.62622271807363,L
45.2433293190525,89.35191253173916,38.425782368074,97.14461491350762,74.226465603109,XL
42.23776739124092,87.38932271676039,37.4011333737867,93.90100444131932,71.0987783096448,L
39.830848329971744,83.8836471485363,38.80729187038966,88.20281820458456,69.26135684729827,L
38.70523338473059,78.7191222771205,35.83818773328118,85.7629400995641,66.26540343390833,M
40.21379222781767,83.32753969008454,38.46542318624999,91.70459945144138,69.39930941702637,L
35.104528354769826,73.73216358619975,35.00869336120706,77.23980714392565,65.53375309944838,S
39.56848369081674,85.18217384242942,38.776085036897555,87.75777717457538,69.28523494066908,L
42.75390396577528,81.42530111904559,37.06462226303184,85.375933798623,66.57944406312939,M
40.67728619697004,87.44497553792557,38.79240035821378,92.82160562713534,69.9098242032945,L
46.82307926534925,99.92261198016602,40.5241874267227,97.64467791079421,80.76821238130994,XXL
40.31962508612815,76.1922780197749,33.95649104449645,80.66129826575941,66.80481472920823,S
42.57665723123789,81.27145568031507,37.368498034445835,89.12561231518085,71.07406364613895,L
44.7391720864148,87.61104394584068,38.00630574857099,97.55495291511635,75.2885247464033,XL
37.472879400878725,78.29895442684939,33.83063627454498,77.94980796548701,65.15768674986384,S
42.79783202556494,84.18482717324625,34.672746145584696,91.00943490845057,71.48364299736355,L
39.4879842665211,78.31181338054965,35.37308322957764,85.2750665497515,68.52126297286664,M
38.36587962939255,79.86130680188373,35.67262759247704,86.49316047123095,68.53590901227727,M
42.308217822538936,82.54752035737827,36.49512959161837,87.16402463978925,69.12258364500333,M
44.27074490377523,90.47340217074365,38.53933687356177,92.07582114054178,76.31128918204256,XL
41.85635859802052,89.40253581283525,37.964022237377044,93.97005367067935,74.09031613759383,XL
45.70002792917114,91.13897054885022,40.32478605732747,96.08040872930418,77.27358131605422,XXL
37.93774688040474,78.6028453100352,35.69732088770573,86.56680997180807,68.29083284052619,M
45.94338537650311,91.52063606618373,38.05298390393656,95.47700595596595,73.72410780745433,XL
43.04155783886343,83.16221098480612,37.37388920813675,89.78077619794072,72.64892607776477,L
37.88277090121769,77.29871185855565,35.26484515107382,78.9249872545816,62.78194857913568,S
40.20439976073767,82.48118027365325,36.94880469951076,84.13074819111989,68.91207478198875,M
40.135009936129855,73.06779628227623,36.78208940672519,83.2539728020937,66.4053059176303,S
42.63543092159704,89.28237002850345,37.961527501572604,85.9498643530614,68.77839581241844,L
43.308108460043854,86.01080899632403,38.37179295358232,93.4740730113162,70.58885067136866,L
38.10707107212522,79.02261112688986,35.40830929358964,86.53607224877777,68.39126710221548,M
42.88656004901079,84.29164656308306,35.63495447627076,92.33794165977935,71.52741981915123,L
44.37069334526341,97.4726001150762,40.9632455085344,98.32730012607875,79.15886519915041,XXL
44.77237872584025,87.9937466603949,38.292853681464315,91.70817925808508,71.75740261993509,XL
38.895039884568014,80.07679024237332,35.304752559234366,86.11490695358994,66.87703938006514,M
40.777210609316576,84.40125961112625,36.30911749948545,90.29288264236337,73.45923280092414,L
45.16825590765674,94.582213901901,36.766096529901674,95.5024764907314,75.69720073719972,XL
44.77173484394627,94.4513913345491,37.21252540402635,94.37734424130946,75.04663961160959,XL
44.77111626863849,87.16195644246832,39.25534683250302,99.99969927385159,74.24605438526926,XL
42.79579645825364,92.46531498965481,37.904175734336924,97.46928748976819,74.9477224511578,XL
44.887310366045845,88.2415832296753,39.64689909129308,90.6470476890096,73.85049945513735,XL
43.9661684608434,87.94660334999348,39.769011735336946,97.18282684006455,73.68302262229528,XL
45.08459730894288,94.85461541100653,41.60071922370249,99.46839482932161,79.7021841497398,XXL
44.72735067043994,89.10499093088791,38.48499168745456,97.74075080403746,73.32462040803122,XL
45.09058302601142,90.73539325767773,37.977984076938235,91.68443341554047,74.5654624219235,XL
44.8421115510285,87.61387470024867,39.181653935852026,99.81748606852409,74.48628245945885,XL
43.1349214133735,85.38689658167148,36.931761327761656,89.94922860088953,68.22211545534432,L
38.10231204302817,77.67032529493827,34.22335682699729,77.8744793220931,65.1636390245302,S
46.618243787525174,89.42434419471148,40.05775956987609,105.41691454021591,76.44733912776873,XXL
41.80043740562262,82.74813249146496,36.035920250070184,82.67760502667144,68.23947952208295,M
44.24132241807626,89.91591479004009,40.3277164190974,98.58557277479615,75.7275261543933,XL
40.881868087467886,79.12438644472516,35.69579526999687,81.19110192186274,66.74477690286466,M
37.19215742206939,76.23498429117008,35.20629387773907,77.32793999517669,65.21832665968287,S
43.93066054161564,92.25839173667279,39.07371882685126,95.33789095519506,73.40872676208488,XL
34.59898334897922,73.4319802941747,37.64170410833655,78.06899747863552,66.18632769068573,S
36.49947052576459,75.12578782017292,35.04992695805592,79.6310180746969,64.56711424223624,S
45.11352725999789,88.12940104241784,38.376196290191096,97.46299139426087,73.71518655371285,XL
40.21443846441853,81.90123049185706,37.6248954405282,83.45561111143171,67.85428498070486,M
41.8313311425889,85.82347202049644,37.290486357587305,88.01117146512256,71.01690839136918,L
38.44195178897091,74.34659528839566,35.80538222881692,80.83015921809061,67.79664003211812,S
43.58160392207722,90.45707230531323,38.18859423440796,92.39275055742652,76.46053537177175,XL
35.36413824947425,82.03004377621589,35.98536128503148,81.88756118316789,66.80613925789261,M
37.988986165516174,80.99583686350695,35.623008937802915,83.58451339558339,67.55456485978104,M
38.008359693612334,78.42092174933205,36.30977181761089,81.95539007578672,67.56544519167987,M
38.91181498576054,80.3613934128072,35.890073091023346,86.13052743808147,68.92842952050502,M
38.8305418464679,80.12086377585074,36.60850279859131,85.72458325155125,71.28936500272357,M
45.15535603090993,93.99444400393183,41.774797543063336,99.94687357119054,79.5431703040446,XXL
47.296107330519185,96.26997261897795,39.77036835848059,101.34154866273481,74.75733653731771,XXL
37.33984993238351,76.08672765863592,35.1665338069466,76.81093059090965,66.53414472513329,S
42.512450664422936,86.2240088968989,37.18959985477769,87.65901123141052,70.26649751423584,L
40.84097129653524,78.8751373905325,37.333071029207865,82.13119331214024,70.64198481426298,M
43.498619539663785,89.43788689881244,38.844197641317486,95.93817543896004,70.97268149160428,XL
45.29946023010603,89.41740287360929,39.74882781062229,97.36462137260897,76.44332110246123,XL
44.91543473251625,94.21653556710244,41.83613106149613,100.48309563855986,79.30156227243447,XXL
45.17110518692951,88.73010482022211,38.42744972685579,97.14491877517425,73.77105152210738,XL
48.25667701568909,89.36335314803901,37.84439321663651,94.31731637885648,75.57233939063936,XL
43.54957769403499,90.42392962971314,38.73419487990144,95.76411512086253,73.3731056717521,XL
39.033741788297455,73.61134972155722,34.927415755987596,77.91049919364082,66.61831401624569,S
38.428968384184564,81.8718418745181,36.71712971449877,86.95577548422291,68.2212184434126,M
45.71009105764554,94.11060214855252,40.176192452787944,100.83862016417805,75.67955380730422,XXL
39.38546338822378,83.31648021958964,36.91749073903549,86.9130712636756,67.98155061016003,M
43.84326133777115,90.62868083185397,38.5965260146521,95.71677036141789,73.11000951524986,XL
36.84328498767354,79.85761680312308,36.0216514801312,85.80055029011174,65.60054535852761,M
42.096065860382105,80.5597771968329,37.57719461232861,89.24933272554885,70.64821313832061,L
38.96260226822544,82.17445668831706,36.318202427069096,86.65038651196537,68.78546026533836,M
42.46904285614512,84.28775224135413,37.18591584990741,90.9855655595441,70.4652902392332,L
46.907895523635,93.26237141960713,40.92478379561674,102.69425756497388,76.43222415086095,XXL
37.59261962256795,74.64455506261162,34.53805241850105,80.27691535898757,65.48807114943556,S
44.89397121530364,85.26177085327787,36.43288438983611,91.96232585042407,72.3839052598629,L
43.69644732883984,91.565479896858,38.40498476339013,100.78171705094532,75.52371756428002,XXL
42.382223264644374,81.02552930381451,37.765635311708095,84.08673227055975,70.49427924139567,L
36.04209244892528,74.24087924876267,36.62865243756443,81.49280446932035,66.1639472894613,S
46.09057022016009,94.38185126178725,40.57690035969646,99.87051882827244,78.36661849176576,XXL
40.536319234970506,76.39412921122052,34.21385079024276,80.15893715579814,66.65326374779967,S
43.9367785967345,94.938121255541,38.61481585365167,100.19955088403003,75.56671470801842,XXL
37.46853396574479,73.79424531248577,35.197225675743,77.61704391168034,66.3094529941884,S
41.82899047682614,78.66962720533414,37.54283396033765,85.02468238757858,65.96228865784624,M
47.91701223611357,96.74912713043402,41.41748066375828,100.4817281248569,77.3942551108954,XXL
42.89360643550315,92.77856259457889,38.06167838748598,93.71818323144821,73.58271054233491,XL
38.487984010811914,77.74964311074454,38.59450096633757,86.2862010991657,70.50538106486121,M
39.57736197953733,84.63280563533367,39.03736649291263,87.69341215449727,69.39576819531155,L
38.69124388318678,87.26245553205004,37.34816658456781,90.8784032913345,72.20672601914559,L
43.20708812714785,93.16852030152613,37.90644687063834,94.08497180504844,72.9679307807126,XL
39.87354428928139,81.22460116439676,35.3289505505854,82.15067738743913,69.03728867335106,M
45.69544925676504,90.87565135308287,40.43770042129525,93.69834945720606,71.24756069356413,XL
35.17328606829404,72.4219109871753,37.45178691760862,78.44858524296967,65.72765791428554,S
42.31931803641578,90.90491730844883,39.829336730516324,95.69273972874244,72.95542219862234,XL
42.42487039153797,81.17703309410378,36.41066732373444,88.01795077991345,68.67546264859554,M
44.82163470070387,88.12879463065538,39.39018810607679,90.02432252719034,73.62389504046601,XL
39.29690100702874,78.01278675448911,36.64295323647804,88.95163442467482,66.996584075366,M
37.119447557406026,71.90929607044059,35.83099794077047,79.9759404554387,64.31369728204893,S
35.76339367401694,74.30525862224279,35.14368097805113,80.72064073339338,63.39469541856141,S
39.02401709922497,84.47137231423692,38.9085459804807,88.70603702875059,69.3404955593567,L
38.885894535137076,80.5677394854961,36.346914504114196,87.3940225301499,66.75189303697239,M
35.8575233692438,78.34726512420566,33.672559554206835,80.77234615136695,62.478479397898994,S
42.26983072277632,80.04218784702084,37.45881084655744,89.58579251881248,71.61480447101384,L
44.5768070299122,85.1964916751091,36.46168843787338,92.68912377032535,72.650909058964,L
42.187675885500006,79.73155335915737,34.08640590077365,84.42758203139437,65.55118954615926,M
43.881941747670595,96.8076151008552,40.030833908684606,96.27502908537667,80.72313421834981,XXL
47.5391819052288,93.25396004817271,40.32300206576714,97.95563098981232,79.5832998747474,XXL
45.62084950013798,92.00601199242155,37.70049207890452,95.33278362404228,73.82637379105584,XL
45.49901232151403,94.86867785572005,40.937642828440175,97.20704850333604,76.8831069137754,XXL
39.79285112809092,87.07706918951412,38.48769046805273,89.92164888089545,69.65126642493624,L
41.60195371085855,90.00590012799839,39.64922741934762,93.16360965563362,74.06794842077748,XL
38.468553634061074,73.23524866085586,35.20123902987877,82.41424751797469,66.02910402510614,S
39.41572807749934,86.11369166894453,36.49126823442364,87.73932982388861,71.22867678596415,L
35.91788395701731,74.21419430765516,35.7868805924121,78.00870843866566,64.03802910039599,S
46.002647416815634,93.64811966289862,40.49379473142207,102.16544850186186,78.64418161896627,XXL
38.05348269654037,76.8393213380592,37.10391615318155,81.9655327177512,66.25826594739023,S
41.10307689026752,86.69623072598117,39.93495353479575,88.56427068993457,71.03550965390575,L
37.99599236015763,78.43227658561861,35.88557834177331,87.47886311526295,67.72683931726004,M
46.7066151398375,94.95927910472439,38.679997476273805,99.37011403946076,76.9577518105785,XXL
41.55738273543796,86.05818872264827,37.282406770451914,89.34487637879194,71.68687802140965,L
40.87529383561971,84.08438516345021,37.238283373577026,89.17350783238444,70.20678332770153,L
42.56913129765594,85.27772869556979,37.10417254630116,88.14880245472385,70.3078482859234,L
40.41380726680165,77.86540285802987,35.407371136166105,87.39375659959174,67.67684948326213,M
45.11169085358077,93.3700537070791,42.25517827563085,103.33055146593759,75.98019510540361,XXL
45.386953020560405,92.3449685120245,39.069863906512815,93.70164230657059,76.32015038780837,XL
41.24617653752526,85.11385834122436,39.20952757323772,88.30609848616064,69.30909472106802,L
41.73439218180004,83.18642929665492,36.27064942826168,83.95121391795077,68.07913770306396,M
38.216468016887475,86.57868616639995,37.162394896717736,91.12567467923377,71.64274475435316,L
47.36318386514914,94.8552200311165,39.93873614640424,101.23034554198651,75.17854311395287,XXL
40.564332668741784,77.37090215885637,37.272768213651915,83.52260541665274,67.8692024906163,M
42.77931871021594,91.705216370796,37.522558342658684,93.71532507584543,73.02879312265665,XL
45.2067035700311,92.918740989586,42.04948391882607,102.41067384788464,76.05660952077913,XXL
40.20373007059717,78.43854742135404,37.46688790530122,83.09857123362734,69.94985018652928,M
37.202586655812624,75.10992216241873,35.153636422354325,79.3263171519585,63.44056604796638,S
40.33781109000129,80.83980214973298,37.02308173435223,82.32775785788988,70.50799399110203,M
44.49250421331959,87.31837663058747,39.57838984069873,90.6710054489904,73.7075472354875,XL
42.36882079503251,81.48050451804527,37.77621610155468,85.5499198668715,70.35701625415288,L
45.38783342134102,94.35673612512953,41.48590180670839,100.08398739135008,79.66687574452506,XXL
44.71405586295432,90.61154009065542,39.45510530676722,91.94168101901819,73.87506018658956,XL
39.01325852791151,76.9768912538956,33.752766636227975,83.67180504593976,64.60395936238554,S
40.89823736271279,79.02491025605984,37.50007385074104,83.03977083351832,66.04157204607708,M
40.89257519843768,77.11142507089507,34.69822990051529,85.26559013012215,66.20416897891631,M
44.28601049950641,89.71282940054179,38.709135416189625,98.76575449135503,71.84579827170204,XL
37.31787707471077,74.48700050935764,35.05608576323814,79.24830667530743,63.98491223214102,S
44.05957520943449,88.88870215803186,38.3218402734151,98.66766357967515,71.47055021174019,XL
49.116873518693765,92.59174305689778,38.90639999024206,99.35527463348927,77.32159976790207,XXL
40.34493622079383,84.44165272040063,36.20849684550983,90.66440683202404,73.4290978838362,L
45.55491626483228,90.91832707286609,40.278489347113776,94.28854260705005,72.59893624336753,XL
46.95367710092576,92.41124907388178,40.741484128851596,95.96252047380757,71.96468666839326,XL
39.13262390532067,82.02119416041482,36.13289069790116,86.1732932432871,68.035959189961,M
39.85291398584756,86.67102978674323,38.33522868798865,88.68220970365462,69.70155191935686,L
43.547793640665034,89.09331442377473,38.54499539941489,97.15825228910057,72.09622805676749,XL
38.00051369715237,86.31104638058841,37.38404923454003,91.70747004646915,71.73494129175207,L
42.4849817039659,82.78040970878513,37.37701525489735,91.73354717373893,69.96460729802541,L
42.37832164659048,81.88731500949872,37.47426631341559,91.85072387283353,70.15124908400479,L
45.360297060383026,92.3503523834123,40.31900021014086,96.51718991706827,78.89840056144165,XXL
41.29330095756222,82.90944101499801,35.79215206408286,90.84522424624129,72.54237018104945,L
39.54841445259824,90.34180735203465,37.0341803448017,91.2699540580409,68.7214244392311,L
43.629969519253564,95.73926157230699,38.59605224009582,100.65867723111815,76.21089818888593,XXL
42.37666000810557,90.49805008137662,39.937118018706165,94.50209396945985,72.59577017042531,XL
41.90597318627458,92.37750268826753,40.43114835107777,91.1698829036097,71.08896194852834,XL
42.22137687704698,86.45937640429587,37.24344380070164,93.45846206288608,71.27644322269934,L
47.76493085874047,96.7340633378136,39.57397054084455,94.49464625067887,75.30748180490477,XXL
46.19582795445643,95.6362549006378,40.49650213534841,99.71070857885714,77.8918696142574,XXL
41.35970847294817,78.65633516445213,37.8132030777156,84.14444533303427,69.24940904885288,M
39.360949987410166,78.81217184049389,36.52632008111334,88.54834676861806,67.43791762738343,M
48.919239862560744,91.70864429303737,38.50885609575516,99.85402165960538,77.43511739561954,XXL
41.18073692282234,85.91767140494832,36.30226331770424,86.9917903136974,72.32528247404078,L
46.150839257272786,95.39796003742444,40.51278042128512,100.54265148321677,77.19669385845033,XXL
42.07138688022763,82.25769187802418,38.000978699166815,84.95827842257789,70.5275141374905,L
39.86598629857228,84.67332369650883,37.26087820527823,86.94697522835216,69.94750261690483,M
36.96959860871634,74.13757842773887,33.438927290629834,81.09742996574127,63.26437582022795,S
40.70364669028342,87.13858275478098,38.42451451134926,92.83467835552469,70.36035620664961,L
40.955167962647735,87.46751277768954,38.77571970887982,92.10797267259784,69.098020744359,L
35.751825080688135,77.75464905610939,33.6234727482227,79.4210669566146,63.32577840998981,S
44.96897079557444,89.0327865729732,39.64858335166775,94.87302424330342,75.24690608761503,XL
47.04946703292896,99.01407339307694,40.17168254514623,97.26986222317696,80.52079227649962,XXL
38.735786305687014,76.82568702486643,33.96224053849458,84.36030631125863,65.2485317691711,S
38.005321781668336,74.04871171397762,33.207597896788094,80.17750942137437,65.62510232381737,S
45.83209863143556,94.2466685349766,40.05835248061278,100.53822025042744,75.61349710731052,XXL
46.71861777402953,94.63246257695621,38.82339977324307,101.612223502925,77.65871093453113,XXL
42.33786254762858,79.55324297232804,34.04617361211299,84.49409498621235,65.91091026431927,M
40.52797700945576,87.8910526883126,38.2086424305076,92.08245799154179,69.21761895054395,L
44.954301233168536,88.8052668809676,38.455985025167,96.80234162900194,74.41607246660315,XL
38.188552713495795,77.08081856368163,33.94454158534663,83.16423365635536,64.66237249711003,S
41.97614557885257,90.51112758213574,39.77508736999012,94.63367787184892,73.27115379098251,XL
37.5293021982702,74.31023099907563,34.57859221768859,81.19795375285841,65.74883112763615,S
45.60639626662159,94.08211521711986,40.08137286219079,100.77364600215523,76.59664421592002,XXL
46.14581585499873,90.20478156614047,40.03401417758174,104.09382665082506,75.74015923492418,XXL
37.6594592889539,76.69734246253414,34.92039422931352,80.85813238162605,62.880832092594815,S
47.28746001009485,95.27685623806696,39.628513482174405,101.20698211793487,75.87651763822272,XXL
38.79658466751378,80.82398016368596,35.03118623474554,80.24514570104796,68.02239871289048,M
39.46791054422117,74.17890405729035,34.26845130716691,79.77291721996923,68.70014696033844,S
37.12483030753667,75.08037322132976,35.03590280098414,82.21158772104846,66.49059692184375,S
37.764047113063505,76.84037902680387,35.008777293621876,80.74458365519726,62.70631809208765,S
40.78125351694939,83.11143042541546,36.3135138475747,91.24217236122927,72.54795049177442,L
44.86972699696237,94.07813339355751,38.61500017297965,93.31299452626583,74.70120574789348,XL
46.835337434608356,97.92660573498878,39.691994911411875,98.24266844026087,78.02932764634957,XXL
45.0666796021021,93.0417903934467,42.31043224483093,102.724618240733,75.92897885949729,XXL
40.87054134460392,85.38829881509426,37.83397451499138,96.24389137332697,69.20020842724361,L
47.98818521151958,95.52013367047307,38.73532623746018,102.57982425978908,74.2243199748029,XXL
49.19487468582888,95.09845867549933,39.78125116660384,102.68057987161869,76.18181104955194,XXL
44.28078985875583,96.23442888123824,40.18674254577658,98.4388662724527,80.34681662149191,XXL
48.46100810699832,95.97254644236021,40.78042040385227,102.5380629813863,79.27940659565962,XXL
39.1862236665694,79.66414914130297,36.05524508521012,85.66508492343416,66.54807967180368,M
38.90010550102653,78.76728310847764,35.93981367531387,84.21860870678574,66.5426315278103,M
47.27659074043597,94.40858972401351,39.8880208553679,101.20644817595647,74.98082661416157,XXL
38.20051344800678,77.23232077737303,34.61423846403735,79.70629435876278,62.24733220688131,S
41.33830054267713,82.10869034373425,37.30287664841007,88.57755065280845,70.09027900726792,L
42.95364003575127,93.11910629271995,37.87970991860433,92.3182793437658,72.66979340186117,XL
39.538869814978,81.44754372493692,34.921848242152606,79.93625823803056,68.32421934094504,M
38.94654843028739,80.88200428962641,35.85852701914289,86.45023720847595,68.73899243923151,M
44.854995291614884,96.37383144921135,40.06084666472338,97.7043420143474,80.22264933284418,XXL
42.876464330705446,86.04170233202973,36.959584766260235,87.18818344871234,70.4707059926203,L
45.457010731553915,89.93293012276675,37.87571124467837,93.77656205996134,73.20817941608158,XL
37.45022793544483,75.0002782930669,35.258583165033414,78.16777018440891,66.26616007404512,S
43.80109893618943,91.09171950538314,40.59224673755061,97.92573075734973,74.97782538075143,XL
40.986993143704176,84.57438927071888,36.68945742448653,89.49150069858545,68.54233615093237,L
45.510154728895536,88.3897862519951,39.75523666078968,97.75083342616064,76.78482187643634,XL
46.12742732321434,94.0843043200132,40.47702734104286,101.39809394597276,78.2196675473661,XXL
40.984735415604675,85.30843001444673,36.4688387511725,87.66984777288843,72.8282248351597,L
42.861789513013946,84.91420494817788,37.25222154072392,89.86322404084412,72.67139281859636,L
35.35216503888746,76.05480610439086,34.88625438114934,81.42484961117832,64.31093283290787,S
46.59310219698586,93.51035176149819,38.36831340536815,99.22458142610093,76.58849247459982,XXL
44.08798067164659,89.58998970400286,37.12087371273466,94.2651496459975,76.3911617453503,XL
47.74513278934817,95.27412796930324,39.1177580158352,103.07176534235646,73.89011552870832,XXL
43.83818818857027,89.51018790859098,37.78446292236078,95.80579082929137,74.5850036429623,XL
39.091870815212644,80.63284184086758,35.760010956107045,85.94271158779266,68.39865251915346,M
45.560936868119576,96.93132220817084,39.640328035736296,101.14786954906907,77.08974229738041,XXL
35.830248689588046,74.8740403386697,33.96796147954726,80.17737596156611,65.32584224355587,S
37.45508151659804,77.70238103107602,35.20665049857416,81.2223043922363,65.72154227524086,S
41.79905965940379,78.6719247430048,37.36569798138604,84.45348678676974,65.9702555449445,M
39.898731537522146,81.93751728158294,36.852764437218966,83.18850613890935,68.7743778937456,M
40.85979086713527,78.60990290286215,35.630946801029246,88.22492665328774,67.40448932757842,M
41.401380633569964,82.98341702219149,37.48801195513669,87.47115897829157,70.08493018030927,L
42.70158496178105,88.58425046794157,37.98326326136847,86.13819573804163,68.5802144004831,L
40.20069115439354,76.09684937642614,34.555010260728906,81.39386155208824,66.79547365721547,S
44.592789442696535,89.29234502697206,39.34469102302531,96.03876994437186,73.52559835649215,XL
41.5304917549625,83.30158050987633,37.59080535332684,89.40884655939044,72.2968085421537,L
38.06754074260604,78.83272518179496,33.883047888391076,76.82916220836518,64.90255808146097,S
43.383790316945955,92.13467586030735,37.90101928140481,93.1088498120275,73.13578664362979,XL
44.37647615492623,88.72784543764055,39.922446989169956,94.27638048101767,73.09933473030772,XL
40.98751724629187,85.74779002698246,38.29465598897203,89.85595620123686,68.83431653402849,L
43.455662692757734,82.25967119583453,37.24291779580134,84.70810879999559,65.96892365454248,M
47.690277425367995,91.82595396637579,40.27646673811794,95.2132795971473,73.9204632361536,XL
45.1125473096564,90.02111724919095,39.43088997151609,95.502183886047,74.04095267314462,XL
39.24732085674566,73.33188369026071,34.60367983857312,79.21327668482094,66.18859566024533,S
43.878281187583404,97.11014236932871,41.03957929663781,98.84562053346417,79.6453742139387,XXL
47.369032999375854,95.33216935049535,39.66730502526518,100.97778522796885,75.65513172553969,XXL
40.40241584320857,84.16346588197041,36.60635271011128,89.28996645989389,71.41414334592864,L
43.27970522198566,85.47005187549469,38.28294112001152,88.37686741583946,70.83673678241813,L
42.55776963589522,93.42571855176358,37.9945925383327,95.66896837067935,75.09109708715945,XL
40.20268270900783,79.59021275791426,35.19219091831705,85.0474374300396,67.22547412409246,M
44.317142338959535,90.07443688055503,36.77964994506266,95.71349535147628,76.25678807038018,XL
44.43053175537631,85.43770116027244,35.731014386490166,91.31286966690955,71.4698572893224,L
38.12444487745808,78.41116279043379,34.196026577775434,78.12072419488621,62.159855298890626,S
39.6978403155826,83.88025968148699,38.759770573615285,87.00175558714658,69.56994452160242,L
41.486264367593,80.96913907988379,35.729587608564955,85.83699190060337,68.23919030930581,M
41.742122271785284,87.69797653315169,38.09586241964017,98.4879578816489,74.60272404721864,XL
41.59812859375275,93.34156282828121,40.44588800266019,91.88820040259576,71.23174064550689,XL
45.33001745354279,89.38810807704691,39.72479049755208,94.96786370576682,74.7518152558813,XL
38.11847966702957,79.21522674413474,35.88768827245038,85.96433537678955,68.6015024966373,M
40.657178009726316,78.7537124440488,37.418341947424146,82.6380731152666,70.35060746533175,M
37.71773625839525,75.64141555086698,35.102403648194574,78.07559089991011,65.5769022658211,S
38.6103896006417,78.2108367335404,36.40684864178418,81.41375333379165,67.4828016529295,M
41.92869209844395,80.70417503293484,36.3032772298177,89.17593980993847,66.88834107392512,M
43.97656779114789,88.51306177579107,38.487116560144834,98.20671896776842,71.27497401888132,XL
45.082376244427024,87.71002182498714,38.25124596245391,94.90548267530608,75.42473661561122,XL
37.671422260210875,74.06785203606474,33.308692614653815,81.15022618986261,66.23500467799163,S
42.396285435490576,93.59015369095695,38.10374509065608,96.55062998126932,74.78647916656465,XL
37.37573360855796,77.35313017798967,35.24155316791352,78.48333300015261,63.26383526974076,S
45.77093769398336,94.08044293714669,40.26079566275542,100.61351164332812,76.7133049021368,XXL
48.60974457606688,96.802038608347,41.271352635095944,98.16979860193477,76.77102822509967,XXL
45.72592194295019,94.37288112503278,39.88020247267483,100.8317440872144,76.11695555385478,XXL
46.48501543067018,94.1764075530952,40.90437810465821,101.47624940987924,74.90664255460844,XXL
40.65814165408524,76.92778484225838,35.48841854634066,86.73642127127586,67.99093916882953,M
37.511018003825846,73.96663152120358,33.21028289824245,78.41954752897286,65.59206594542155,S
44.64776409293276,88.6786507042683,39.13962046436576,97.37439516911533,74.22898750812746,XL
45.092980354405356,96.70589713322842,40.13540709792266,98.31966984213678,80.13155708082009,XXL
40.31007836352641,76.46662335037968,37.50403710159523,82.69664603433031,68.00694774269145,M
43.927345394860666,88.41338190154065,37.68024188598636,94.42190724806507,74.50917772885239,XL
38.70416088070936,77.55717605892777,34.89608976942189,81.00633286066837,70.78602076132242,S
38.39463638627965,77.68843008637279,33.71056915103902,77.61794510299295,64.9279624362009,S
41.94432549429159,85.09181218189636,35.38894503558001,89.61448147064382,67.58668341891587,L
38.01018858968628,78.14656132143743,36.38698827737205,82.14949328792773,68.06268639187654,M
43.48936770306015,90.38033845246846,38.296995755767114,91.87715192300978,77.05326504550656,XL
37.73641338528299,72.94858360208418,33.44147907106279,79.58540094183036,65.20831048042162,S
41.151943303136996,77.0097660222254,34.41079922837071,86.23356113243933,66.28241943983258,M
41.005579264451555,75.72181380742722,35.015744143330714,78.12781190544716,65.13003109882754,S
38.202161701608745,75.07065421726995,35.381455109098184,80.06855836472569,67.71953114256667,S
39.41350683719723,80.20198985688666,35.43274348826757,85.70155299178302,66.77658633059103,M
36.390427196839376,73.90835010422452,35.82400488365954,78.48485003956999,64.25163873096042,S
36.16731588140119,76.26254135100382,36.33376481462864,79.3056464723789,64.45683788984967,S
40.75048850348743,74.80443092292025,35.00995417194512,78.67278839839217,65.10173817576188,S
47.9455111139919,92.52442183179811,40.263821624546075,95.52478922449278,74.53629282004044,XL
40.74371175737688,83.57465800539613,37.21702108576287,89.23886735800306,69.25715135491487,L
37.126487252318334,74.08221554915687,33.024470919221535,77.49104910551333,66.12238732085233,S
39.97124142757017,83.9862989222358,39.21608503787709,92.55989606894023,69.03619897580816,L
43.70197464679556,88.69185835767603,37.94906870329517,95.18217775603186,74.85616770656559,XL
44.244709438303516,89.98303623119384,38.34731748720279,98.0713893544334,71.9452394945317,XL
36.385420949527834,75.04615308037579,34.98105925783928,81.63608970765799,64.0630429051945,S
39.50829041104449,74.16088549034912,33.73888141555145,80.0498929893599,63.74730329920135,S
41.30007632450657,83.2160620392451,37.29542853222591,89.00468728113911,72.64503221658804,L
38.655094213892,76.81083438203464,34.41268105345068,80.23250120428926,61.88199570823835,S
42.9348783323285,80.3457031320442,37.44082520718733,89.06821395580718,71.45186698485222,L
44.57349001374164,97.4683972457817,40.1203827871639,98.28015920562163,80.11705984561708,XXL
44.93316479116566,89.57111826184241,39.72559573868819,95.10548783398517,74.45114222107472,XL
47.22600263672182,93.84159503441212,40.5818205504685,103.2882544545187,76.969921955274,XXL
47.13956154107549,93.88261734248158,40.97429130222131,103.57893622951681,77.27355528013106,XXL
44.79138482468529,88.07970688317845,39.33841785213464,100.46450377871844,75.05298024740786,XL
39.18878756483377,79.70639851469087,34.91623141351987,80.9738590896168,68.38567942186373,M
41.31797135704187,81.88743642163672,35.951210889365065,91.22440678369952,72.65265999321946,L
37.795786351588916,73.52396159082042,33.48991676247102,79.71637057773829,65.84061414713847,S
39.188170153609946,73.53585758555074,34.09728029656047,79.2204710156247,68.4589959458257,S
41.543893838007136,81.23190424837559,35.92411047564503,85.43882108749526,68.64570485413553,M
47.15780918941014,95.30224142867169,40.769752604371824,98.35904424574314,76.2879267478789,XXL
40.801063880368055,79.66146528360633,37.54756004049452,82.20565755103873,70.5040107078537,M
43.70878955793587,90.51477696537455,38.46929301377233,91.78766687567271,76.44032567548804,XL
40.402964892946656,79.64469819592915,38.230780811560045,82.33850649694566,66.05000074802896,M
47.00357881645119,94.2783672909062,39.84855724023514,100.68278639768691,74.95160536554313,XXL
42.36501896610258,91.97380248583579,38.058704912222495,96.54665181453079,73.612115973465,XL
46.18983269048906,93.26187753121947,39.852389118094436,103.9598394532353,78.76174259511922,XXL
39.363926236780216,80.47015894780286,36.779654180340536,84.35942918481847,70.11745980784293,M
37.08853152529876,74.44085615665276,35.042707419770366,77.34635417399113,66.13917857627462,S
41.33743332841169,78.55622463259853,37.62702782142745,83.72001869114214,69.58352884950844,M
41.98706407438505,86.69372851290416,37.332686845536536,93.03634224333287,71.9994784333937,L
39.91450555767367,80.7849990646889,37.80452408533055,82.44701865666508,68.25992564723761,M
37.17230346380717,75.6392356299584,33.786692759150036,77.78877328624827,64.44727258186654,S
48.960204650058834,94.69991770429743,39.94566829646891,101.0372543949549,76.73257366267978,XXL
40.75282959496319,77.623841137819,35.78047226713048,81.650141305901,66.31431751249832,M
43.39490070768205,81.76153075245489,37.39052904032745,84.77137080804184,66.52237364824332,M
49.39079075831251,92.07852392371322,38.43617469231614,99.97443486561923,76.82396753936115,XXL
42.31195979808984,89.68018555709564,39.95286491888528,99.09154303397125,72.7774279616804,XL
42.129000242860656,78.60711242641874,37.616808936632715,82.7750612007876,65.61052511779583,M
38.45675249397651,75.19635687749525,35.4551690112524,80.13051930088484,67.76695743442622,S
35.043394425485886,73.20828760913737,37.41160675086447,78.53942886825216,65.91726483302438,S
42.54342287508991,80.72011517924085,34.30636274052791,83.71973028522828,65.5045617978907,M
40.22839185892346,90.25252453448455,37.03948558497777,90.89153375674242,68.30642577389747,L
44.17520578407534,88.19467799554675,37.97580818678308,92.68350542622949,72.69757632712171,XL
48.154591677020406,96.82892714189099,39.62364643286581,95.35941936985739,75.29703532304454,XXL
44.46344394262717,90.60664737302308,39.331704052731936,96.19854259976607,73.84514822203637,XL
41.01767648834914,78.60522741632684,37.73134010188293,84.09606946083557,66.92396312454485,M
47.00853366915425,95.0028999534936,38.91250478972398,100.20650297358127,76.7857669107659,XXL
43.173740992667575,88.01530773538688,37.9925898486125,85.81880271320337,68.30711284051193,L
38.029042693522015,75.42431509810358,36.23055375449731,80.54491163101609,65.95945223390302,S
40.652368580112615,84.8207392756551,38.233144007430376,89.62060421151577,71.70901382990857,L
37.99031072255766,80.67525703806683,35.84025132093778,83.00927075946606,67.52882980895039,M
42.228925929292814,84.00717184750256,35.5852743536315,91.77402270352339,71.41154787350705,L
37.54843123773344,70.22391047831849,34.60233771227669,85.67549562330927,65.68178956498424,S
46.55707714048585,93.54084761045377,38.79279177870894,101.75363736982192,77.52978676388257,XXL
42.45938428282388,90.50197149579014,38.02156117656318,96.04615172851618,72.50287315845308,XL
44.240453418150175,88.44223849652923,36.79107369358088,95.41243059335324,75.96730714000805,XL
47.8995043469946,96.44784167716026,39.30004545858653,102.27503822888298,74.35259249002851,XXL
44.729310018477044,90.00425097868178,40.00957465615083,94.0586755624316,74.82699155909593,XL
46.87547657152897,88.59911333486785,40.23992162153023,105.20482372926132,76.09374703499986,XXL
44.71831299713384,88.1212434877155,38.22103001081951,91.45409685721762,72.52591599573348,XL
42.14652190138667,81.05694299593378,33.97318445037815,85.40211758715492,65.4573120187192,M
45.303259394305776,95.45734275274644,39.66708025281047,96.94964002960094,77.04268878991181,XXL
40.80828279731061,75.7853494471963,35.99359992126296,78.17487857966107,68.86884420341804,S
42.31335863871402,80.50081875205169,37.95087632774123,84.8814126840053,70.73460648789636,L
37.91065578937963,74.34396356412778,34.39636373387949,79.98531299723003,65.4927707762165,S
44.95296740864758,92.76349531708888,42.14729571962796,103.01732589329771,75.8022454731954,XXL
36.35493213891937,75.57224023709563,34.00851031672809,79.24218441523419,64.87645520422471,S
46.78951553899452,93.06533206110183,38.88526394973564,96.27676265663388,77.15829067731958,XL
41.19258022280495,76.968588033054,34.71521951921329,85.07379294952547,66.60483469876762,M
41.3544780574406,83.50621323921764,37.215806936010125,88.97265659341448,72.00781717297652,L
45.72406106825709,94.25337814898793,40.09891394354256,100.16819286866078,75.62477250710394,XXL
40.430070007602964,80.29029892431382,36.67678202982372,84.29106849865143,66.688447170877,M
41.40012812659873,80.10712163562651,37.5621814264603,83.0878879312042,65.82886106368049,M
36.588595560176884,79.68903046291494,36.52208391742746,85.09692446753928,65.64950179306585,M
48.15790805101136,93.11707633473748,40.85847516483731,98.15255666137901,76.98168084033274,XXL
39.13536978071991,75.59380599030054,35.36660936957383,79.16946300660062,64.27254952264252,S
42.96303219237028,85.05480825790521,38.47468330679666,88.61667231452657,68.77014145489727,L
47.02839263825994,98.04788097755198,39.78220558620574,97.84407854498106,78.05522156922707,XXL
40.907727667708,79.49118577606336,37.25322943755172,82.56508172652848,70.55304006029345,M
46.90982819350952,97.72892886114464,39.75568042567782,97.9790488471256,78.3806015283452,XXL
45.436814806303246,94.18563095472837,37.2134152860729,96.4280541919496,75.4708401632726,XL
43.438986890744985,95.40529546450203,38.68778472720949,99.30909748865818,76.1194093007599,XXL
41.485304028588295,85.59193931512125,37.610411884193056,89.79934664063609,69.83345080334243,L
40.767145806884336,87.00714082090477,38.32706851139562,92.78801456037955,69.90449795367655,L
43.67767394946353,90.42387803066467,40.461914921022604,98.46062823407188,75.17014524847468,XL
44.87673595550654,96.02220129153129,39.89750747653035,97.6608824187535,77.89443379461137,XXL
46.04834469745024,96.61263782916186,39.6825990228615,96.8746853292386,76.35372417666547,XXL
38.52626873092857,75.64284548822577,33.52896875569567,81.27583046658506,65.69848218731389,S
42.824389554048224,84.04701081234103,37.442643311176404,89.80625053393803,73.1208113243134,L
45.13534278897448,93.86794354353059,41.78602273776187,99.0236840367409,79.90774170826177,XXL
35.81247615542465,74.31715030539688,35.56400876510713,80.60960271463087,63.314194300786504,S
39.75372064123878,83.36669513700241,36.82615006521168,85.66138420636872,67.84430062907344,M
37.25233338534631,74.76047290663558,35.36415462109315,77.4636387721098,66.84740770483778,S
40.984517483477795,83.74727720032264,39.244430416921,90.86876219382617,71.391457638046,L
38.92921289839796,76.59436392484999,33.71552485542927,76.94478901986025,66.26135443235486,S
40.36413114449002,84.81599425784685,36.260571688610604,89.40793183986092,73.88091516608154,L
44.98363121857836,94.51149720858228,38.919078723047534,92.8607980974294,75.03594510724491,XL
42.757052374822706,93.14439363876068,38.100795063373404,93.15142411864451,73.103840776962,XL
42.3393811064521,82.33293606264132,36.1304048488128,82.73002194237222,68.21426793381661,M
45.05194255338329,93.67173474585202,40.086993134055845,102.29278233185187,76.19800372930854,XXL
40.62561446706048,84.19437321461918,38.99079398570847,92.08462549280429,69.14897635742973,L
39.20503317714456,74.66407851125088,34.96812464548237,79.25119881698696,66.95469141833603,S
41.26032076886276,81.88696542024404,35.97287582538063,85.12223368267973,68.00924418069424,M
41.87087028188194,86.68201441404278,37.073958429860156,92.80752789739884,71.33383452200556,L
47.43046042961837,94.34309934834451,40.64508877471307,98.54339073815139,76.14637704662015,XXL
40.12386189179248,73.60084223127883,36.919194615564116,83.89695504190556,66.36930520998575,S
39.43943248951445,74.4834461599701,35.45364615955957,80.48238412578972,65.8525349932721,S
40.63583302016806,84.0202198954137,36.27349322401059,88.11511011551816,71.64047376837817,L
44.23201438251628,89.67553880899266,38.754762051827115,98.2141454580658,71.24387362053425,XL
42.680433985464795,88.12612170607431,37.68688792768821,86.87852673509752,67.79858334895947,L
44.168414048590684,89.33077729470973,39.040358051082606,96.45622509421575,74.905421898138,XL
43.1966863485386,82.07862856201105,35.534261983318494,88.15156907199606,66.38322099296802,M
35.43291864679002,76.86079607239424,34.77420830705358,81.73892336924547,64.56274957293907,S
41.73148887780265,89.83907130351785,39.65107131823924,94.03589445462329,74.29085470702077,XL
46.46174585640106,96.11698168125503,41.92422271835299,98.4699066380822,77.38047382673086,XXL
39.4101409204271,80.76051534598433,34.73690540328761,80.84096635032192,67.79436090754442,M
45.34588384660815,88.88426827440718,37.75959472660927,93.28338500862527,73.57578030027672,XL
42.81926026891072,93.25801999025998,38.30727414236128,95.9330986279961,74.88473834835087,XL
42.68883066541413,88.67863207750825,37.85530999077596,85.88391748813119,68.3093481570778,L
43.90716780190562,91.07504648855819,38.57722275184369,91.84961554377806,76.74127982706946,XL
42.568409577071556,90.17139199963755,37.90011657384221,94.8353220601496,72.17079291623496,XL
41.029609203826425,83.92444735547137,36.71457313014481,90.9434983884906,68.67419397136166,L
40.47953033347267,79.44895416697565,37.62262380223514,82.77596807081535,70.67734966513756,M
38.27384647602343,75.08831986596894,35.35358171445997,79.33175834016983,67.46946686242599,S
40.62563797896372,75.09930387648281,35.06539906385218,78.1063327810667,65.76970400403104,S
46.84990501070906,91.2525958485743,39.15121438663811,95.46411583328313,76.78286991898966,XL
44.17927977088387,95.27976387277832,38.600694523580195,99.73212523816325,76.31683993700769,XXL
39.30527433293863,75.3428523444336,35.09668801246505,79.35556634857794,64.18851247554305,S
49.19603699355821,93.59268192157725,38.61268907345588,100.21806672143968,78.02937989886077,XXL
39.392431485879484,78.03954853132556,35.923666720982645,84.92632957999814,66.25614150985972,M
48.00180629919671,95.51186669343402,40.92878329417892,101.06396549648376,79.81449224663648,XXL
43.02010930172017,87.32504269796956,37.24064802831933,87.37294709795945,69.55927319120039,L
38.203440120475314,77.0304255077171,33.91061728421981,84.75220805261917,64.51188927292733,S
45.40085169709962,90.5475423586052,39.18162299596382,92.96409309602483,74.03019532375893,XL
40.073281194889844,75.86412610471032,34.151130635969196,80.53416123863909,66.95363947969699,S
40.026795096277475,82.68095525891536,37.65535716292902,83.19020448756392,67.95774814452832,M
39.318181103356224,80.74100316542754,36.3751907656473,86.20750540667476,68.54688612016152,M
42.80177206899338,89.22677723993569,40.079238226813835,94.35706759106779,74.0021765457495,XL
36.817345234120786,71.01482315232765,35.81623040002347,80.1661005913562,64.3390362718667,S
44.01748370793109,91.10049043171897,39.17330066018331,94.91958463478178,73.49276856361875,XL
44.728898407535276,95.93743864738722,39.543007751304415,97.23459391719302,77.72840227959156,XXL
36.269085682639826,74.43554716375608,34.500986316967726,82.41307781688268,63.52646916593109,S
37.327039735036344,74.99641802746471,35.21312905484688,79.13933504960977,63.997821283922576,S
41.2249845062313,84.31039771126171,38.967841517082185,90.78201620078788,72.58240132032603,L
44.63136851379881,94.7283559074855,38.71140496466027,93.44828818419448,75.01177843339478,XL
38.56157045747,80.99880513860035,36.53440240007562,87.44279909367465,68.99600976269893,M
42.02305584533169,78.53929135814674,37.898395984777224,84.56718225453585,65.81013511920716,M
40.729407616641154,78.7195112937995,37.46033256573939,81.80472421963435,70.79817862178653,M
38.026127594049335,75.21621532031155,34.45896080217479,80.34353901428925,65.28068274379369,S
41.960456324304246,90.59888148499944,39.76653140898357,94.34595850987327,73.36918105736554,XL
37.333708382903716,74.86701973232341,34.86338188605119,82.19993549658241,66.46200621866721,S
40.24563040743886,79.67386994419938,35.272988224739805,81.78931060724008,68.03249030975273,M
47.08627323429889,91.99043637833897,38.93785370525883,95.12603419120028,76.37586665073397,XL
39.87145150303303,85.04967927665218,36.47699688238263,87.55727857208817,71.6643382437131,L
39.00883033267165,75.29104674880345,35.217632274664716,79.09397066905674,63.82712155379947,S
38.142014541622316,77.13432849620055,36.279359636667905,81.55577105152615,65.31223912189596,S
45.62413481300994,89.85798973144004,40.35867093222809,93.8207125536935,72.22370500445813,XL
45.46671290762501,94.5995292149212,40.44055514685156,99.91018698899805,78.258733468906,XXL
47.684534852674325,94.71619055415987,40.98160006550152,103.9978302081013,76.88406098450139,XXL
44.89413789695555,91.06909515286331,39.523811365825075,92.5980313613277,74.76023420627347,XL
38.4392871333462,74.84404146179992,35.42766130314199,79.97071125444178,67.18711371964676,S
40.61167294252529,83.38358207160736,38.16501725834843,92.37076492878218,70.44652364639369,L
40.342649388322094,84.4201132940039,35.85232391767489,89.89569135680632,73.24562420406937,L
39.785327703749125,75.64592963500468,35.67982455577634,78.63862718782958,68.56078162071742,S
44.68831497605031,89.78906663710225,39.53714000813877,91.74457663934376,73.95097140812902,XL
43.40157426489387,85.41675396917172,38.29697068906743,94.32106122317842,69.9385621555476,L
43.319896707081845,95.54356355822145,38.60614960844677,99.7858109907207,76.11852960020288,XXL
45.31863805135343,95.94574350634139,39.538572903011826,97.33169112255696,75.61713032062453,XXL
38.61635237683413,76.02232119802864,37.20183346287716,81.90550964793111,66.93617122587115,S
45.628012531108475,89.38973231686471,39.47312304712883,97.9764330519403,76.06775191119152,XL
46.915042583462686,97.26755436763676,38.81981386922736,105.23660421068047,76.14471404987147,XXL
40.92305322803303,76.91860856151425,35.52619481623016,81.6211094946736,66.90978703679568,M
44.31707698104714,97.66474344601083,41.028015034378,97.30714820068074,79.24885815456857,XXL
38.69737901018187,74.99914320225297,34.338865682337506,83.44482408981712,62.56069214831926,S
39.370030775731784,73.99530212040533,34.29597517218052,78.81704695253245,68.13776876607342,S
43.64519030033523,91.13636225582896,40.378194567924666,98.43096240913384,74.84333968836792,XL
38.4295324074965,86.78656507499593,37.1760863706272,91.3586333899879,71.9813303945248,L
47.08537432982597,96.90347984683174,38.63374530774084,104.41031458955214,76.09578029539726,XXL
46.880161203533135,93.47123459448134,40.85867853438012,101.9697219369532,76.33550889023628,XXL
47.01760384630347,94.20419421661418,40.40990190883246,98.03930988756152,77.0372347059388,XXL
41.64694127475592,79.08803228225307,37.69299841071989,83.540104592198,68.96801555142997,M
35.1964788230197,73.11500232733395,37.67755953393018,78.78119468435176,66.39021946612678,S
38.03910793354038,78.34830357360984,36.83716765517267,82.37251618727859,68.15551234677788,M
44.06422064565074,89.40289136204264,38.517626924192705,97.79399584856256,71.37142761636456,XL
43.993263523240714,91.88329131906255,39.1216709292353,95.1632113300191,73.0458359187898,XL
35.636099554166115,78.28322178958608,33.6063805392814,80.49211144753879,62.06795606665196,S
47.66573923027385,95.29309866451443,40.530209644393636,98.20123170162285,79.10064310641185,XXL
45.53616782190537,94.92504774402978,40.914659257249575,97.36901477777221,76.3897238807529,XXL
38.31861364443104,76.68229223411018,33.60576927350398,76.49369121313924,65.57525418552429,S
39.19248576588906,79.11564950933038,35.23258355046118,86.41786193669434,66.05588316960726,M
38.25905886147855,77.91661495411005,34.173207439274194,81.21414761124387,61.73249711834028,S
42.04601951914722,80.0033710137965,34.22561264390052,84.09508218106224,65.68414098978158,M
40.69880694286186,78.5037728004476,38.11886403955485,82.39609045613349,66.26587673029887,M
41.75164944449988,91.02152961060993,39.97747796796585,94.69536829506657,72.91484082047673,XL
41.212773948428975,76.53714399428968,34.535940481867506,85.96415663906467,66.91405923652394,M
37.87726796595081,76.37581680214066,35.0412601865574,80.72459371954695,63.09528136667067,S
47.24006101907948,98.00489956162926,39.5643625575759,97.76240378235589,78.25883775120674,XXL
47.063768333362106,97.71229698380839,39.618611852279656,98.67211246088186,78.96534685186126,XXL
39.25230309749336,81.00683473237075,34.803509101732566,81.0522700811654,67.90594933828285,M
44.580469451034645,89.87533109274794,37.81257801204797,90.89765378219366,74.83242641207626,XL
36.56133337577944,74.59195516345497,35.382834084919466,81.76043499060128,63.38262651096879,S
47.8979253965208,96.42074625724123,38.882095744537544,103.51903019516621,74.71259781572063,XXL
37.62029289343312,70.76607884852618,34.389520645033656,84.76200115327585,65.86225403390951,S
44.83204929698443,89.32131971687309,39.75291867647592,90.36787448915062,74.1295031562904,XL
45.42142820349536,88.84599008135794,39.62691300909944,97.20710222313281,75.97609525559918,XL
47.3956431786208,94.6733559749362,40.609267145298546,97.05409661284605,78.95996241153286,XXL
39.603215263659294,84.70669384346698,38.64978057142326,87.07185282811449,68.98188183287485,L
46.97942615709577,97.34916480686337,38.78763726173519,105.06758299832005,76.249706492694,XXL
47.044564374206644,95.50652069019372,36.86440998991736,95.24960139947397,75.61135104385252,XXL
38.62059432039116,74.74957184605864,35.39355540322593,78.5100812043503,63.388599632905375,S
39.4800309152781,85.01066410852117,36.47201162169358,92.16383413823817,71.42810270565494,L
43.57675983184123,95.59914254239051,38.596379001080756,99.90496759471652,76.58823204546755,XXL
41.22880111667988,83.89015698987632,38.63605468817077,90.1845111916727,73.39519908175652,L
41.98324624366943,87.8677117015602,38.20573251875395,98.44586040510762,74.04701863436657,XL
41.07353311484672,86.2296878214128,38.140705737718086,89.62402941922214,69.29025530350089,L
40.2877843553983,79.94171701576836,35.31573970122035,82.36513451007595,67.5679768069948,M
40.71618514280053,83.77134237384381,38.382340688882834,89.90841353116666,71.46975650091353,L
38.40586182486233,76.85394160320071,33.773084664103955,83.78140608942019,64.56505795196009,S
46.52609052728925,93.89331712279798,38.707253053758095,99.27166843972216,76.75848932973122,XXL
37.688324992937595,79.76951493035976,36.48095608351367,83.76497949982887,67.1423440621929,M
39.10003856002475,79.20989260666605,35.67946193977048,84.58137105853521,66.12568219723158,M
44.86842927013652,89.54195765557783,38.53643195010977,97.76339217082244,73.97289117793062,XL
39.32698298017827,74.35422070153105,34.977837685726755,81.50505774852495,65.65386753138624,S
34.961719833538304,76.13822005776355,34.72969668035605,80.16861586858691,66.19257355895766,S
45.655088580837145,95.95210985406817,41.28122333395557,99.91293645874896,77.17970369541128,XXL
45.95365636341124,96.49059984446914,39.531110915723495,97.57885907396961,76.49524830471452,XXL
35.12556155996626,74.13960677918097,35.16497254637234,78.16741081209241,65.92020547964967,S
40.99782990637403,78.92099261526802,37.23108611294094,82.79998453654483,70.07843945527162,M
36.08441440547201,75.69508924636051,33.90701165254428,80.24048505944498,64.63140329356877,S
45.897292875798875,91.08521876987918,39.15819492711768,93.78871941722345,73.80095539306555,XL
36.74289840395169,74.11994010253323,35.27261071076091,81.25631193255964,64.4916231959317,S
43.152713062749044,86.6023563240179,36.89786549869659,88.11237399667907,68.45793833663814,L
45.17270194805141,91.67659344141684,40.28730298372168,96.74453299514671,78.52309636728288,XXL
37.56743399773671,74.60094881458198,34.88143772731848,82.47286834161807,66.6115597392679,S
47.09653005843129,94.78693629921301,38.721549811494654,99.16785609210852,76.6457896896612,XXL
48.534871144158366,97.17991595055437,41.31764412102481,99.90889882715723,77.04456723277137,XXL
44.02137840839272,89.47278664534001,37.30804297146223,95.42067124784182,76.07754775319376,XL
41.82913043437648,85.35829688316421,37.21094591312379,93.75111708800779,70.98554213526708,L
44.7581539824294,90.08014794273271,39.21012130302561,95.2173557670143,74.32573681852553,XL
41.754414731473744,80.96062261902975,37.99382872288701,85.1476255981098,70.5136466829783,L
35.28857346487617,82.03859373030289,36.017959968133596,81.86787307706099,67.05792885445919,M
40.133686495114056,76.18340204245092,35.73025728636469,78.98940269990517,68.28696614296892,S
47.89179932359327,93.7428041669401,40.22099195751189,95.73438200674794,74.44223096531553,XL
40.105261426060345,81.23647098058339,38.245312642686244,86.35519352152048,72.95224185467289,M
47.638367716785694,96.18329059383626,39.180490646223554,102.55061568980236,74.84849259014226,XXL
41.28824354616175,77.70331324526295,34.539090302711614,86.52002381402974,66.99901525283445,M
41.765254579516174,89.78732907988503,39.796373821000635,93.38242570947769,73.73836677589524,XL
41.91328475280174,90.06144845541222,38.057150930330934,95.86222106749399,72.61806068642741,XL
42.024680424230986,80.85611270853074,37.75597989166589,85.5002869500492,70.50228483944313,L
45.422875443938565,91.64326462707882,38.039746977698734,94.55614840571072,73.64191044492036,XL
45.88277756369817,92.38629588185512,39.94537252310996,96.17817504515943,77.1663755445151,XXL
42.650563045317384,83.70894510703395,37.224135684881645,91.45776390041904,70.17312335168332,L
44.60665583487539,91.0131825622363,38.70586355332269,95.70814197139254,72.79771737499452,XL
40.36132790810126,79.42278708067637,35.34668316581803,84.65056543202772,66.60376867513162,M
38.07608564077562,77.14770492611514,35.673385479275844,79.06222826963733,63.139622537717294,S
38.01079675152066,77.03910183673133,37.12386521294457,81.97363582424335,67.23127025098918,S
42.09153366232455,89.49414946356433,40.08444125017981,99.38253186989493,72.59851355426872,XL
42.741086134404256,90.31821590524314,37.76496648218136,95.89061288245767,71.93275746156417,XL
36.23936496633608,73.94042214152053,36.46808033839598,81.61160347963688,65.61314815972868,S
36.06284545747636,73.57408132842023,35.27227488618855,80.48440276013308,62.862211344436524,S
37.92045904740494,73.69746037474616,34.845060141333,77.30286224019086,66.55501438776865,S
37.55907559846245,77.54732865547369,35.43027135752484,79.91113926251968,66.43995795238668,S
39.39447978774952,78.57240550093199,36.61607867016095,88.4271369954705,66.99067244952245,M
45.85761835024396,95.89650748069107,39.65095199902727,97.83547892824114,76.02568386399737,XXL
39.222445132848215,74.72192321558953,34.647104694552176,82.26959793151205,62.75964750953056,S
43.072835464686804,84.56621775523047,34.94147347406222,90.21607201789568,71.16724906443145,L
43.79987181573525,96.73264375150448,41.04497280108879,96.75869687389758,79.95264062962552,XXL
42.75240820688365,88.37408561317943,38.005848927863354,85.45177411567519,67.78294119173088,L
41.772846132201906,85.72644034028126,35.701659142230525,92.0861788548819,71.5219921964231,L
47.200148829715474,95.13104044191317,39.88317853426683,101.11645393057248,75.61671983784507,XXL
40.02038573137868,83.98040651627885,37.01268704357384,87.7133611953557,70.47327566476064,M
42.35557927219674,90.30326322833038,40.135595962290274,98.53724853909485,72.39083728792826,XL
38.344397384789566,75.3702390029609,37.22949001496709,82.52562765113184,66.26831977072678,S
39.1781780967566,78.93278892974786,36.233661780044905,85.22509123915214,66.34594404478212,M
40.09693417863082,80.01065458854124,35.21592295500764,82.81620352846178,67.80775563704485,M
46.35642613106853,94.56398967641131,39.0735892339043,101.36086628205243,77.11638497077233,XXL
38.28910038472987,81.8124661034344,36.59492655768698,86.8859891037303,68.32321208598044,M
41.62303867106389,84.14722249504865,39.261788358585605,90.3789342099254,72.0495036605587,L
43.94250011890423,87.5550003198583,41.1377561937532,93.8381634725276,75.44248265174494,XL
45.56240450511851,90.62154053915833,40.540028189160104,94.19294905294826,72.28549240196841,XL
39.56157467882667,88.1591758161433,38.42458657841066,89.58571313898993,69.94707261820746,L
39.24278841357289,84.2655960865658,38.88056730769371,88.24566093056217,69.29007484670588,L
36.45862346258136,74.48916574388247,35.58531600231817,81.08873557256877,64.5886265484417,S
37.13003591586121,74.95466900657239,34.87035970021352,78.49014900865586,63.68261557123549,S
46.705222974271805,95.49958121091593,38.68566030716323,99.3786565734965,76.99506331551005,XXL
42.888171884510044,81.8484867489338,36.45318301242094,87.66655979952479,69.34305233682113,M
43.35163000286358,84.95158557761965,38.638343147406594,88.78946405863871,72.96221011460601,L
42.86185169801637,84.43696585044498,34.81083914544541,89.95193704425769,72.11157663197,L
36.94049041087599,72.29358059364344,35.97892225321408,80.61408628959052,63.81068827768785,S
44.63317092597601,88.51900996645453,38.49087182673237,96.46343897061976,75.58221859613826,XL
49.05874570669755,96.909683465809,40.803798431856194,97.2397381200992,76.12159567113221,XXL
44.955213820302504,87.88013539822492,38.42079206365097,97.98069475101782,73.75474229631357,XL
43.38462025983315,86.2956088016917,36.065335204075886,91.04491494503846,73.77300105552214,L
39.12141922134039,75.11753677215276,35.46518103599564,79.53542125664656,64.32744729872567,S
38.029387028008934,81.16778941134919,36.754851368283695,88.52829181156696,64.62927869971865,M
42.95184720373931,84.44142333276761,38.860118458416636,88.54581425501566,72.16218270567303,L
40.24219576102898,79.91277292188653,35.237133388955,81.49075293658916,67.82375078044542,M
44.747361160829136,88.45134639638695,38.063276238673694,92.9432865666302,72.48635937896876,XL
38.12386901876171,79.13359684534514,35.779889040079674,86.05885439733146,68.68201576671224,M
41.04729438893306,78.80142479583242,38.00977066133593,83.87085696346085,67.03058312144671,M
40.281074336572885,79.33496094095881,37.27422302930422,82.04020789054468,69.87089826764013,M
45.28294143164958,96.24090554163105,39.61237548348084,98.28276067508891,75.25662330268902,XXL
40.070921737711906,78.78196618362472,35.38436840514617,86.19410995723887,67.62234085891409,M
42.814008721676466,82.21008321918907,37.39996957162585,90.934626676728,70.12007426752226,L
42.04039378171005,88.7217799332287,38.08638790540617,94.26854124389618,74.54764164320255,XL
43.13975679386318,83.68517882302586,37.37530499880519,90.30410181148216,72.50559352098989,L
46.80903153847999,96.8171737960124,38.697221519531666,104.62824220738838,76.5544198568973,XXL
37.5703975011465,79.49417613037396,36.19805507092704,85.29660629664946,69.5923319577133,M
36.18759232467633,73.63211211525609,36.601944435984926,81.94454554002859,65.77040001485194,S
43.5673185871704,86.89601015206604,38.11761507323534,95.52466486865274,76.45859787908114,XL
39.203729722412454,79.39815865232016,36.096082126936786,87.53829511667854,67.29682460845007,M
47.547415064113515,96.39757907626858,39.48635794938725,98.5880730559426,76.41376931451279,XXL
39.890099542602805,80.19771652207712,35.05043150885036,85.83440459133506,67.15925685650836,M
39.76744098570377,76.04360277467846,34.35665350665016,81.2773078797576,66.0726831310181,S
35.53638815050404,78.78693737035935,33.70579555505401,81.37341082968183,62.19509926919033,S
38.097680109759594,72.00378609447263,35.005888542183015,82.7287671222341,66.85272198056093,S
42.03733539581406,89.50592819328617,37.393210163059656,88.80244494244693,70.69905726003078,L
37.19305963324125,74.95932985969313,35.05837170649254,80.20388004222586,66.4802303040554,S
45.873807675376135,94.11788608430695,39.0217589891024,101.33403189238807,76.66627759838968,XXL
41.24513372493605,83.42757473971305,36.11281226236447,91.76966260764915,72.5675527428542,L
40.93321884724536,79.44007816067013,38.02408399629838,82.20483725041628,65.96871611326709,M
39.299251877157424,76.27717516044082,35.26636250781191,79.09353161671407,63.93973187153285,S
38.120623762494,77.99559636038443,38.533691233147266,86.4306490686774,69.9830036164882,M
47.06563323885925,93.3370600664278,40.94761460706105,102.75142704298992,77.16887363958367,XXL
48.56605390516278,95.0754464612906,39.57512235139891,100.11131548391364,76.79637240388537,XXL
37.409867580522565,73.36692003957826,33.114497534722744,81.06166395437845,64.3170834141342,S
46.39586225632813,92.96685171489551,40.2134423403693,104.12141981043044,78.65994829861015,XXL
45.89621954331214,96.05284715125052,41.97456309167053,99.69198613635359,76.60261900884551,XXL
42.41391751661954,82.3762788627377,35.716184645753565,82.94779484785386,67.82172356984546,M
40.502221675811185,82.30486204786334,38.16634653337709,93.39965989154496,71.61180117524913,L
48.90129389520502,92.97755807258147,38.82173464956052,100.0454375973072,77.54968208138324,XXL
41.991828708662624,89.2446373980295,37.44827657992459,88.61133310790122,71.56928507939041,L
39.79891041007874,75.93332082449263,33.53281484861764,80.18899174938025,63.57217553428977,S
47.503290833826675,96.20188624908626,39.56425960942987,98.80705143235147,75.78755148419197,XXL
38.85168795727955,86.73008800515889,37.31179776225671,91.50041644893196,71.91577301200337,L
46.38156486043698,94.0138536136563,41.51078888868494,101.93323288495795,76.86265962202663,XXL
41.473261033385235,81.5157171754302,35.59857648953412,85.97935877084942,69.22461207636115,M
42.4422432832992,90.41450461083797,37.86611173714262,94.69482497764565,71.94282254577766,XL
40.758664640903895,84.06412520846007,37.247413260965125,88.93605446691187,70.36872855822422,L
40.34539703087276,82.73700811138433,37.0507565323128,83.78856288553376,68.77038281544091,M
37.35617496154584,70.90406484815549,34.73023962877568,85.0646351121937,65.88068872202223,S
47.90558723440138,89.52709100494387,38.03196559522955,95.8317659183308,76.1683391463262,XL
46.133716732824944,95.3282634493247,40.70214878866317,100.26443919913537,78.20310132350828,XXL
42.16303663301227,88.66725508221933,38.12491597556266,93.41278384246579,74.6764734574857,XL
38.68303374871495,75.98307063089109,35.67898980989765,80.72064973355249,67.30697225860841,S
43.48509743299512,86.07304271609725,36.08139630645,90.97682560491745,73.25533209936319,L
42.26397674647357,80.49426830229058,36.37145883100809,89.37771923984398,67.52168619333712,M
37.16022015390432,76.00124366214853,35.383900853173714,77.99695048691842,65.96559695173208,S
45.0177995926671,95.6655623049098,39.33413187294263,97.5639226009143,77.66075102482421,XXL
47.13698870490158,94.51398343484138,40.58433905900966,97.9611465349275,79.21429000839115,XXL
43.65291936286827,92.16019488957033,39.17672407437848,95.48096136315294,73.44383052403236,XL
48.877524753254306,96.34293259264193,40.657534179687595,101.75702481333353,79.62570690081947,XXL
39.62097516059237,79.87153243315136,36.285088357727886,87.29656061157321,66.78647888062748,M
43.967637545089076,89.34423888278735,36.96896248984388,95.81416957709692,76.46708319234543,XL
44.418859702767676,84.52627251900263,36.29438295564864,93.42153495152293,73.02247094577986,L
42.511958088983384,90.54667728208895,40.01994098060052,98.08472940419675,72.0987743441554,XL
41.47233791090724,79.53242127241933,35.31123287379169,85.95302816370204,65.81414234741497,M
41.23346120550898,77.68055906411674,36.09134003943933,83.76517994974122,66.56747086687727,M
44.485767962406804,89.36235579262724,39.24166216959209,92.73394381343006,74.15906166615044,XL
35.56907166213339,76.5310443993508,35.0256807336626,82.52296065791472,64.6654999749053,S
43.46115476641463,86.75061691010748,36.14469919756811,92.56284901768139,73.53297183896792,L
40.7313754619506,79.47774942305249,37.41676457899477,83.25356688583274,65.788791988321,M
45.76817660297857,95.60589032247307,39.85858075447641,101.18807346107074,75.13773509371875,XXL
38.26830559997304,87.0512137080097,37.18721101183073,91.11448628636022,71.90315082450323,L
42.34498476227896,90.35617573293841,39.9239255166367,98.3065034314388,72.97845264789629,XL
41.54882095542487,85.99879297220122,35.43763866973206,90.76903049669755,67.77475187097018,L
39.82418718568658,83.62340001287727,36.91466843877855,86.45567601910847,69.69019297903371,M
47.13446886367129,98.55731664412693,39.693527897837455,98.01766278444157,78.6853821090276,XXL
39.53695446184247,82.89691767123041,39.14991865653592,88.63288600281275,69.81588703884421,L
45.1422293183541,88.59542757923184,39.804732719606996,95.67845548483676,75.13565828208003,XL
38.13860705596303,86.85362088889144,37.12726789371513,90.70679954129484,71.28198739346207,L
41.235084323364944,84.80331852388701,39.434018145923424,89.36268996168396,68.71919648272252,L
43.99680469052189,84.99720327172277,35.970053046403585,91.16986406385016,71.20796875913635,L
39.95938140999296,81.31213666036494,38.34009545084769,87.39406271783884,72.25157375445512,M
45.1366952683402,94.4287450860574,38.61178317323232,93.66727174143746,74.7891752136807,XL
41.25083503489073,82.60835702723787,37.38945875602951,87.79484724324224,69.98736611038989,L
40.60637527014998,83.32519209249593,38.212788915809284,92.4952470075846,71.30598642798421,L
40.23902502380461,81.49658415346128,36.791257418564875,82.36790073470003,68.81336625733964,M
45.03023804824428,95.06253830738778,41.48471332706245,97.41797955680259,76.66475079054435,XXL
37.203881232062116,77.12046139269181,35.045070322734965,81.33010055580519,66.09721390859531,S
45.243501664186084,88.97466382838473,38.36716181902029,97.02930311078816,74.23036215853,XL
39.29608793215626,84.99093830539385,38.97577662223028,87.18015163530556,69.99407940584597,L
45.84576022993553,94.43174534083667,40.28321104258592,100.87639295682925,76.3361125232998,XXL
43.190829119568036,93.02432499279024,37.676887314816796,92.46361936217745,73.2703515411159,XL
40.49273905316347,80.01329784395647,35.22899086385208,85.29006764395228,67.25371626304836,M
40.958642119525,79.84359053491322,37.91957359890977,81.7716714928787,66.49527077352624,M
41.493712817479526,78.06407797333979,38.0172629576809,84.7003067267928,66.6057072271242,M
46.5480961302785,95.65210313008795,40.99050170077991,100.8033505170194,79.98996005255164,XXL
43.466801462449766,85.33696421433645,38.20598153640073,94.25396364007585,69.83368748906754,L
40.36713371318822,76.69036697207484,34.04441590344834,80.2028062755863,66.59086814533394,S
45.587986955432555,91.37959893797226,39.094586940030304,91.74027903507898,73.70484852775067,XL
40.19107666860136,90.43945602330183,36.612850610117206,90.00486972018281,68.67449513585525,L
41.82097055951022,77.6786618957974,37.840004922055606,85.03401354883782,65.43530895939747,M
35.905685073678924,74.03664832533933,35.568015184875826,78.50792785641,64.79395841387162,S
43.492403184270685,93.38980282406995,40.42221101154117,102.7155085785977,75.2789776616978,XXL
37.22365388504246,75.80854502152073,35.448460012022636,78.30711638796868,65.99144195816304,S
37.40533829156232,74.18248458950838,33.03164510013222,77.33357341795555,66.42288799780721,S
48.641708283537945,96.79150587248981,41.462893398644084,98.18269037269353,76.43324047699086,XXL
44.37762468692411,87.27284633981668,38.32290956925154,96.67820746993573,75.29026196151707,XL
45.551925090715464,94.63802379019745,40.199182087630966,100.56991524492437,76.53952569616412,XXL
40.47219713285392,77.63098432563234,35.60203601675611,87.22379752793015,67.50243965504285,M
37.74131652212318,70.80608354733603,34.30733451595065,85.63168903537141,66.40506106480589,S
44.28307422262132,94.02117146823333,37.25334755883156,94.9218605372605,75.577929038872,XL
42.43374905238123,80.48977593881025,36.260923492782965,89.3351954999328,67.16301832970602,M
45.76768045491908,95.03717695019101,39.60695721492547,101.106756464213,75.47957381748738,XXL
45.69372441851065,92.51704507843363,37.75736568608999,95.2284176935709,74.09523536870142,XL
42.64408419897731,79.75174622633364,37.75391037639332,89.67086337251278,70.92158332873986,L
41.175661700985685,84.98469467078667,38.14051814589066,90.37287377313196,68.82532428964909,L
44.299205598524594,88.2394812434869,38.14033343530989,92.08085958331138,72.47090250930027,XL
44.78503768792363,88.76943259859465,38.116347139762254,92.33459656591121,72.23158952127066,XL
36.858549384517715,76.11171045599102,36.34632368728858,80.81200788393262,64.03390611060833,S
43.03012156328569,84.02538499904426,37.58936981092319,90.65600656816626,72.45669169434866,L
47.11485110691835,93.86037242770918,41.32042051570946,103.91713851179078,77.38581371675319,XXL
40.19530895720544,77.75376521888049,36.70397584817438,88.50079985557613,66.53714835519271,M
37.7585914905269,74.54056705343744,34.79994276878092,80.72903195259393,65.58649210833941,S
47.401217244564236,94.69738397049433,40.42680401489368,98.98078089023085,76.18592140064067,XXL
46.889855053118325,99.9493168436168,40.35042659999901,96.7175576241203,80.75449649100187,XXL
42.57208825518987,80.58970683875452,34.040901915143955,84.26568240208822,65.28364497753151,M
36.660066321683544,75.01956267386782,34.019957635426366,80.56300764334776,65.2135493080676,S
41.945591542508865,86.8503834737188,37.07754069726529,89.57166586758122,71.63671063564522,L
45.78255428349836,92.37942654554737,40.24829955771919,96.90614483701536,77.16693792816318,XXL
41.38826609880961,83.58399758901945,38.80825348171475,89.71042918302562,73.96773791443668,L
45.9102198195874,91.43705415794416,40.033610444186685,96.60230739874035,76.90337887166459,XXL
41.812030859577035,89.80080217661917,39.8299288707714,93.66119183756032,73.82874267506527,XL
38.56459196499384,78.58377942535893,38.64734169496148,85.53514244688391,71.05729577032312,M
37.14908489159668,79.53737854357807,36.63997051068147,85.2159469519555,65.84262960739862,M
44.27708853935348,89.53029117829728,37.20151549358331,96.01508913634076,76.37355158202753,XL
48.25069180120263,94.68500380183221,40.83498021072239,97.70699163702595,77.3945164540761,XXL
40.45251312014955,85.18854802140264,37.95939050903973,94.78419525874212,69.01109622612313,L
38.239613022245074,81.84023809564926,36.47127147674226,87.49837243633014,67.61752507077001,M
40.98146568302214,77.04525593804102,35.60607864954038,79.59971094420473,65.79634007520558,M
43.737026040323634,89.92155949703319,37.5341014853719,95.7453324644424,74.62408046895318,XL
48.63811215937919,93.74553353632646,39.825783298966975,102.01560819413487,76.59444967370915,XXL
42.04963992351902,79.92545333243487,33.94004597023402,85.5734987697854,66.00708343581931,M
44.79689174889434,94.17269666819506,37.251930183556624,94.9547677425179,75.21208570522003,XL
44.392471428952405,87.05158901066753,41.062051757542825,93.85452818859474,74.46712212218767,XL
41.28466900983687,79.22622560948906,35.365629485309334,85.79693297286538,65.65407348088046,M
38.280798793630005,78.13506528563705,36.428006653165774,81.69759970789873,64.82132828165753,S
37.79524724910805,70.869962093841,34.474812328865056,85.43621139685081,66.0247519283396,S
38.203102301671116,76.18410101332148,33.676042516473856,80.11344421015937,65.60378637217339,S
45.571937392285506,91.71529216858761,40.41602612440226,97.62251413047746,78.15860300540206,XXL
46.22449559407962,92.94282901090409,39.96468872684709,104.43907461641952,79.15713791821219,XXL
47.79937516943487,96.57479410233205,39.52052240723753,99.49816512771054,76.37962867050382,XXL
36.7198595351676,71.97779762338257,35.904183854959776,80.76659720802921,64.58627949068148,S
37.079200568205216,74.74102723981122,35.14020428571877,79.07442690654715,63.422755913542964,S
48.20955505552644,92.78641385656528,40.11765225304386,94.99496521378454,74.03984473593425,XL
40.46623722821787,83.8298593833511,36.240176733886805,90.69736535043222,73.58901021780417,L
43.05285375343801,86.88039779923598,38.3363021628309,94.55585456129492,76.2309401885338,XL
38.02960348510829,78.90253818175584,36.08876879437385,84.543783458613,69.24117790682446,M
39.8203026642449,84.76891127556691,36.61792685672393,91.91548273080284,71.38614306229987,L
41.26128217487693,77.86873851496254,35.963526332226174,84.28280111184118,66.82015407600592,M
36.20629418685353,74.15625829226995,35.31377110669899,80.8766809411045,63.68152594400825,S
39.09129041884833,74.89238129705636,35.28804620022416,81.42148032898943,65.89843762198204,S
38.47897740120837,76.87564836086575,38.401881611036515,86.16501548896639,70.41362904813612,M
47.89893255562846,89.0972215215774,38.12499293127385,95.6004842626722,75.45858280313968,XL
37.305591067383915,74.10411594114684,33.489066729763024,81.20637496389291,64.10764544754032,S
40.08662504678583,78.67073107691301,37.32745388895496,82.53224695518549,70.54888072860903,M
42.697411318694996,92.28378194926013,37.76819030682727,95.8462726600272,73.4526475847626,XL
40.60562870214846,77.71353009749902,37.525751981454874,83.53416905054947,67.7896949630259,M
43.20434792193668,94.10167817923622,39.835433244846655,103.10594521177009,74.90079160390228,XXL
43.032772345737946,80.68642792692367,35.39086248704477,89.15943550983383,66.65403515324475,M
40.018654130293996,74.73643019993627,35.83007074579069,78.60656749384289,67.91482590212868,S
42.39577960965826,83.228777718965,37.26493946696767,92.40584813389665,69.99251188698882,L
43.91851229400318,86.23751288296789,35.76743534688272,91.40295556248127,71.37565596162744,L
43.323442462881715,80.89301672753588,36.99487203339802,85.31424155280673,66.70218259091216,M
34.99237946671408,75.42188547981063,34.894367028209615,80.13036380645245,65.34010024393152,S
41.280004191353434,86.44169307528188,39.00471718253857,87.75139487499032,71.18757741760122,L
37.73744150594304,81.15023416986983,36.53169138628217,88.69980724088916,64.06680426604231,M
37.25703817479984,76.62826650253196,33.740076231597214,76.99921502017077,64.4303051113924,S
42.03692298408296,90.08124876824965,37.475847375875894,88.83643260882246,70.82894475465692,L
38.800033532184045,81.0344703289276,35.41316603379521,86.5596091468395,68.62592345885346,M
45.236925451134496,94.54536063470077,38.63797321930589,94.17335377130082,74.9494184145621,XL
47.875156499148424,95.4413266601465,39.09407559330107,101.2021344613499,74.58543928518415,XXL
44.10655152917743,90.37566821485403,40.29445922938197,98.59243830797006,74.93708868419812,XL
47.54114867029228,94.81913585591937,39.84077569771967,100.41507940675822,75.1725884739595,XXL
41.14661922339718,86.57198427200136,39.81174486907176,88.99466256620441,71.27570350922626,L
41.25448471874151,85.77379944745799,39.342553232150564,90.1366852965704,68.91428487653431,L
41.232858344126214,83.87721409993226,36.03278030992908,89.94766906777569,73.26540680898978,L
37.40717963749701,77.17553921848754,35.04932169532755,80.51265629163179,62.485476804298806,S
39.27963826447795,76.47183641467635,33.67845177291036,79.9303805897474,63.575679085337875,S
45.549365935386504,88.33127360557042,38.656816499566936,97.0093634914312,74.07785559465097,XL
37.35441174370361,76.15162300951347,33.885493140500174,77.80530105302452,64.66369535618645,S
41.271761184932956,85.60975271581778,36.478839667500175,87.36764000913661,72.83278041552053,L
38.49473385232975,71.87471272699489,35.06008006423743,82.45467257752584,66.63336799068679,S
36.26114034342902,74.05362734661726,35.449893088496225,80.7335163329775,64.13695247714269,S
36.906782164984904,75.75720588761303,36.03111175461301,79.62216978182504,63.70160069961417,S
38.17393988243047,78.62849406070569,36.306096049340304,81.4630125989073,68.02313009093778,M
45.2762242552615,94.95275428713141,41.82933185032606,99.26560772338638,79.4634611991694,XXL
44.33116860075017,90.56690998997128,39.032117448633535,97.54134449485376,70.87521031663037,XL
39.533205604645126,76.11504512605421,33.6972878858472,81.00631663184124,63.84122402683959,S
47.93838382296115,96.88152584995979,39.579400728380854,95.09976399792268,74.70776962203571,XXL
47.924557096913475,96.38903068633027,39.006120627231695,101.84379904899713,75.10989165454475,XXL
45.36504037468811,92.24774667167715,42.12466068535141,102.87133663978898,75.58872498710309,XXL
45.61135237077944,89.44639998310635,39.91390628711949,98.13373307059736,76.81805672086445,XL
43.773716425473644,95.73762188247387,38.39047844672917,99.20154197023938,75.997514979313,XXL
47.85181383050544,93.94781652383212,40.63312845863426,97.98731151816999,76.81446564359146,XXL
40.76740335207622,84.68774439791645,38.49288679695905,89.9913360370096,71.79890994218172,L
35.97830648360833,73.2560382861667,35.75788268959376,78.52244445305843,65.51419589945442,S
42.19905591848053,89.61452571031022,39.749244506468585,98.34999221638276,72.91505995600521,XL
45.10375617025667,95.28292631249327,41.181890475037854,97.19810395920487,76.45710154602762,XXL
42.531541555667665,90.25551497068938,38.09450879428069,95.33115226736771,71.83335940570993,XL
38.185939398754094,76.81378947363383,37.1485388361736,80.96934617257592,66.61230254986148,S
38.6464498999248,74.32494257894626,34.64237727273486,82.76759364048792,63.29286612603952,S
41.55144107360003,83.37786505317095,36.506273605824184,90.18607100399554,69.38899531476305,L
37.56436777091897,73.95692641475557,34.88210519579655,81.73519245566193,67.00673122096875,S
39.36912503356629,81.27812642059241,35.19947988129931,82.02763040554437,69.38424772921636,M
40.79133236611376,83.06727013083491,35.92342925927513,90.00487616496262,72.26318847724808,L
43.717430809553605,92.25777143663232,39.02762453910566,95.75757508480599,73.1198032155253,XL
38.84010223941579,76.83696707744771,34.87261482782284,81.43993820660516,70.50875489112038,S
43.87616624004557,95.30018910592162,40.26616940519664,102.64663302928342,74.93910262574403,XXL
43.183184932421575,80.68974390502808,37.68833664761334,89.29546698228094,70.74125617976433,L
35.589775541174056,73.78733815152779,35.20846341473678,79.85872884431502,63.17491250693165,S
37.86866735765649,78.89188135262589,35.82409569157612,86.82341108158137,68.13224529337666,M
43.76029229138405,90.58235446835444,38.37540333785919,100.56136937384574,75.37262987491096,XXL
40.445346874999075,83.74049812855593,37.10095926428568,83.29743592184242,68.6018823827553,M
45.052101755901674,90.10199069837412,37.6562977259179,92.31961723639168,75.03240906043685,XL
44.650436875711826,90.77410318360687,37.981010253933356,93.41215665945249,74.57980983217463,XL
41.37117433186485,83.70627853353656,37.55127708613291,88.96363190415114,72.57091504162837,L
41.845039567750604,81.34858466043062,36.09901644535082,85.54462348009768,69.67454391770514,M
45.609526351258005,90.6733059534451,39.40930160528991,92.8710685862897,73.75563532967084,XL
39.05273800634332,73.9321771324775,34.17069157234258,79.38453105753793,68.68246207508555,S
48.24883827440975,89.56470020426677,37.822999725835395,95.68578197097364,75.90665035241874,XL
36.80105675882187,74.23235989480831,32.96078341268859,78.15187658853725,66.38977298414495,S
45.179395828840526,93.95210563374316,41.7800315268463,99.22385237558434,79.52745176976892,XXL
43.48561205684475,85.5466029190675,37.90345154896203,93.1957321292868,70.32238349777559,L
44.68913760226401,96.86636487725244,40.031818050790996,97.78413410150658,80.0803043615619,XXL
40.90982683688558,78.55298213001242,37.3334237649961,81.96532809521504,69.88721628337368,M
42.05524058010774,78.34106028304925,37.59952805429518,85.11868294565268,65.38932033558076,M
41.165632874478376,79.36871150556753,37.77683808863019,82.7906426964565,69.63880334613482,M
40.34281820473897,77.37669348826562,35.53515421444282,88.17295999150248,67.34942547064989,M
39.14564788228397,81.73809931847907,36.707289022209046,84.94546804844234,70.24641515323727,M
38.293214620892556,71.95256320378631,35.15580876598281,82.4022264994847,65.60530543082575,S
44.8453445542875,90.1754128623127,39.28538662244509,95.5817178386941,74.0170849943117,XL
40.62361892208771,81.24741265300187,38.131702040598725,86.48640772618089,72.81028144362057,M
47.729592000426805,96.38498180970053,39.8030372117735,97.83606390903063,75.90341245605934,XXL
48.49164125981044,96.66050520255986,40.57216653057197,101.85485008461026,79.28270389645472,XXL
35.416766612464144,75.92360183263472,34.894162077370495,80.21365354076205,65.31692148670824,S
43.25441076058304,93.31749690194884,40.14455643827771,102.9442907620256,74.63902673032749,XXL
43.297839158397416,89.2878822558132,38.81245089039836,93.75138089328821,74.93177457255206,XL
42.84113662257944,81.5789494008176,35.33681915086991,88.7040114520613,67.22347528673448,M
37.968960919170996,78.80106595987701,38.44956611942016,86.29423626668778,70.23824454922907,M
43.94477237073904,92.18168094526672,39.04062484104003,97.03053292849529,70.78173262008129,XL
47.98441602076804,95.76323782514237,38.97310395673128,103.07146695641075,74.83835514559252,XXL
38.26848651058328,75.73509866249387,33.7857584579381,76.9521760876807,66.93605879278674,S
43.89055999733235,85.56060370081298,36.00036149317641,91.97686682341677,71.30129783395698,L
38.43663480004272,72.64225385462271,34.96001275378323,82.26878262805982,66.1944262447767,S
46.65745208691957,95.52105429584066,40.959898781140666,102.35642968816857,81.16615576002387,XXL
39.387684607516285,74.94235943164851,35.3398497920614,78.71077125760517,63.638736411884516,S
43.249262186387035,81.37522854860934,37.022908264583656,84.79865479343572,67.00167738447969,M
37.452997428543085,77.15799670870068,35.31596349572041,77.6962407917375,63.641414346779364,S
44.75826350714774,90.23160166474779,39.29486393304381,96.54076935076306,74.3206507825471,XL
36.73887901984713,76.72424477861566,36.210461607298456,79.80722473467729,64.22490874808321,S
40.23303436098386,82.69309838499217,38.235688040537426,92.30361995057417,71.04383976663799,L
45.03454426416796,88.48237771594619,39.674835870458516,94.69479289266701,75.08367866529014,XL
37.48846038322301,80.07949665252848,36.04840281981179,83.72635343506298,67.18098623457155,M
41.60063898408223,86.29966033660591,37.50385638806273,90.0223998664374,70.32516595493092,L
41.81429561347568,89.54325650822392,37.31824634501867,88.67723514903551,70.6135695142835,L
38.876924826689574,74.64644080158058,34.785241276886865,77.94969465948228,67.21243782949388,S
